entity,period,name,state,date_acquired,book_value,investment_income,ownership_pct
VRIAC,2019Q3,Market 0 Investment 0.452 AMERICAN SECURITIES PARTNERS VII WILMINGTON,DE,01/19/2016,0.0,0,0.488
VRIAC,2019Q3,AMERICAN SECURITIES PARTNERS VIII LP WILMINGTON,DE,03/28/2019,0.0,0,0.05
VRIAC,2019Q3,WILMINGTON 0 0 0 0.086 APOLLO HYBRID VALUE FUND LP WILMINGTON,DE,03/29/2019,0.0,0,1.33
VRIAC,2019Q3,ARCLIGHT ENERGY PARTNERS FUND VI WILMINGTON DE ARCLIGHT ENERGY PARTNERS FUND,VI,08/14/2015,0.0,0,0.215
VRIAC,2019Q3,AUDAX PRIVATE EQUITY FUND VI-A LP WILMINGTON,DE,08/29/2019,0.0,0,0.152
VRIAC,2019Q3,BAYVIEW MSR OPPORTUNITY DOMESTIC GRAND CAYMAN,DE,06/30/2017,0.0,0,0.373
VRIAC,2019Q3,BAYVIEW OPPORTUNITY FUND V WILMINGTON,DE,03/22/2017,0.0,0,0.09
VRIAC,2019Q3,BERKSHIRE FUND IX LP WILMINGTON,CT,03/03/2017,0.0,0,0.212
VRIAC,2019Q3,BROOKFIELD INFRASTRUCTURE FUND IV WILMINGTON,DE,09/13/2019,0.0,0,0.772
VRIAC,2019Q3,CARLYLE REALTY PARTNERS VIII LP HOUSTON,DE,12/04/2017,0.0,0,0.177
VRIAC,2019Q3,CERBERUS RM FUND ATLANTA,CYM,06/05/2019,0.0,0,0.478
VRIAC,2019Q3,CHAMBERS ENERGY CAPITAL III SAN FRANCISCO,DE,05/13/2016,0.0,0,0.26
VRIAC,2019Q3,CHARLESBANK CAP PTNS IX LP WILMINGTON,DE,07/16/2018,0.0,0,0.281
VRIAC,2019Q3,"WILMINGTON 0 221,519 0 0.124 CHARLESBANK CAP PTNS IX OVERAGE PR WILMINGTON DE CH",PR,05/21/2018,0.0,0,0.313
VRIAC,2019Q3,CLEARLAKE CAPITAL PARTNERS V WILMINGTON,DE,02/01/2018,0.0,0,0.141
VRIAC,2019Q3,COMVEST INVESTMENT PARTNERS V BALP WILMINGTON,DE,11/02/2015,0.0,0,0.449
VRIAC,2019Q3,DYAL PARTNERS III PE WILMINGTON,DE,01/08/2016,0.0,0,0.1
VRIAC,2019Q3,ELLIOTT ASSOCIATES LP CL B GRAND CAYMAN,DE,12/30/2016,0.0,0,9.695
VRIAC,2019Q3,ENCAP ENERGY CAPITAL FUND X LP WILMINGTON,TX,03/26/2015,0.0,0,0.806
VRIAC,2019Q3,ENCAP ENERGY CAPITAL FUND XI LP WILMINGTON,TX,07/17/2017,0.0,0,0.345
VRIAC,2019Q3,EQT INFRASTRUCTURE III WILMINGTON,GA,10/25/2017,0.0,0,0.243
VRIAC,2019Q3,E03 000000-00-0 EQT INFRASTRUCTURE IV WILMINGTON,LUX,06/05/2019,0.0,0,0.134
VRIAC,2019Q3,FFL CAPITAL PARTNERS IV LP WILMINGTON,CA,03/25/2015,0.0,0,0.797
VRIAC,2019Q3,"WILMINGTON 0 90,883 0 0.138 FS EQUITY PARTNERS VIII LP WILMINGTON",DE,04/25/2019,0.0,0,0.13
VRIAC,2019Q3,GENSTAR CAPITAL PARTNERS IX WILMINGTON,DE,07/03/2019,0.0,0,0.46
VRIAC,2019Q3,GENSTAR CAPITAL PARTNERS VII WILMINGTON,DE,10/01/2015,0.0,0,0.111
VRIAC,2019Q3,"WILMINGTON 0 0 4,117,679 GENSTAR CAPITAL PARTNERS VIII WILMINGTON",DE,04/28/2017,0.0,0,0.0
VRIAC,2019Q3,"WILMINGTON 0 65,827 999,712 GENSTAR IX OPPORTUNITIES I WILMINGTON",DE,07/08/2019,0.0,0,0.0
VRIAC,2019Q3,"GRAND CAYMAN 0 404,249 GENSTAR VIII OPPORTUNITIES FUND I GRAND CAYMAN",DE,10/05/2017,0.0,0,0.0
VRIAC,2019Q3,GLOBAL TRANSPORT INCOME FUND LP,DE,06/28/2019,0.0,0,0.0
VRIAC,2019Q3,GREAT HILL EQUITY PARTNERS VI LP DE GREAT HILL EQUITY PARTNERS,VI,10/30/2017,0.0,0,0.0
VRIAC,2019Q3,GREEN EQUITY INVESTORS VII LP,DE,05/12/2017,0.0,0,0.0
VRIAC,2019Q3,GTCR FUND XII LP,DE,05/04/2018,0.0,0,0.0
VRIAC,2019Q3,HARVEST PARTNERS VII LP,DE,09/28/2016,0.0,0,0.0
VRIAC,2019Q3,HELLMAN & FRIEDMAN INVESTORS VIII,CYM,09/01/2016,0.0,0,0.0
VRIAC,2019Q3,KINDERHOOK CAPITAL FUND V-B,DE,12/19/2017,0.0,0,0.0
VRIAC,2019Q3,MACHINE ZONE COMMON STOCK,DE,09/26/2019,0.0,0,0.0
VRIAC,2019Q3,MACQUARIE INFRASTRUCTURE PARTNERS IV,DE,05/17/2018,0.0,0,0.0
VRIAC,2019Q3,METALMARK CAP PARTNERS II LP,NY,12/11/2014,0.0,0,0.0
VRIAC,2019Q3,MSOUTH EQUITY PARTNERS,DE,09/06/2019,0.0,0,0.0
VRIAC,2019Q3,NAUTIC PARTNERS VIII LP,DE,12/14/2016,0.0,0,0.0
VRIAC,2019Q3,NEW MOUNTAIN PARTNERS V,DE,11/29/2017,0.0,0,0.0
VRIAC,2019Q3,PEAK ROCK CAP CREDIT FUND II,DE,03/06/2018,0.0,0,0.0
VRIAC,2019Q3,QUANTUM ENERGY PARTNERS VII,DE,05/30/2018,0.0,0,0.0
VRIAC,2019Q3,SILVER OAK SVS PARTNERS III LP,DE,11/21/2016,0.0,0,0.0
VRIAC,2019Q3,TA XII-A,DE,02/22/2016,0.0,0,0.0
VRIAC,2019Q3,TAILWIND CAPITAL PARTNERS III LP,DE,09/27/2018,0.0,0,0.0
VRIAC,2019Q3,THOMAS BRAVO FUND XIII,DE,02/14/2019,0.0,0,0.0
VRIAC,2019Q3,VERITAS CAPITAL FUND V LP,DE,06/08/2015,0.0,0,0.0
VRIAC,2019Q3,VERITAS CAPITAL FUND VI LP DE VERITAS CAPITAL FUND,VI,06/15/2017,0.0,0,0.0
VRIAC,2019Q3,VISTA EQUITY PARTNERS FUND VI LP CYM VISTA EQUITY PARTNERS FUND,VI,06/28/2016,0.0,0,0.0
VRIAC,2019Q3,VISTA EQUITY PARTNERS FUND VII LP,CYM,01/24/2019,0.0,0,0.0
VRIAC,2019Q3,Market 0 0 Investment 52.414 POMONA CAPITAL IX LP WILMINGTON,DE,02/08/2018,0.0,0,0.0
VRIAC,2019Q3,200 CONNECTICUT AVENUE WILMINGTON,DE,09/27/2019,0.0,0,0.0
VRIAC,2021Q4,NATIONWIDE MUTUAL INSURANCE COMPAN VARIOUS VOYA INSURANCE AND ANNUITY,CO,06/01/2018,175000000.0,0,0.0
VRIAC,2021Q4,E07.2,DE,05/16/2016,58423715.0,0,0.0
VRIAC,2021Q4,GLOBAL TRANSPORT INCOME FUND LP WILMINGTON,DE,06/28/2019,41588980.0,0,0.0
VRIAC,2021Q4,VERITAS CAPITAL FUND,VI,06/15/2017,34763229.0,0,0.0
VRIAC,2021Q4,NORTHWESTERN MUTUAL LIFE INSURANCE,,07/21/2020,22760192.0,0,0.0
VRIAC,2021Q4,"Voya Institutional Plan Services, LLC WINDSOR",,12/31/2019,19313139.0,0,0.0
VRIAC,2021Q4,000000-00-0 INSIGHT VENTURE PARTNERS IX LP SAN FRANCISCO NY INSIGHT VENTURE PART,NY,04/29/2015,19025688.0,1862044,0.047
VRIAC,2021Q4,INSIGHT VENTURE PARTNERS X LP,,04/17/2018,15524830.0,0,0.0
VRIAC,2021Q4,000000-00-0 AEOLUS PROP CATA KEYSTONE PF FUND WILMINGTON DE AEOLUS PROP CATA KEY,NY,12/30/2019,13525496.0,1456783,0.084
VRIAC,2021Q4,EQT INFRASTRUCTURE III,,10/25/2017,13470878.0,0,0.0
VRIAC,2021Q4,000000-00-0 GENSTAR CAPITAL PARTNERS VII GRAND CAYMAN NY GENSTAR CAPITAL PARTNER,CA,11/02/2015,13000365.0,245613,0.24
VRIAC,2021Q4,VOYA COMM MORTGAGE LENDING FUND LP WILMINGTON,DE,10/15/2019,12615057.0,0,0.0
VRIAC,2021Q4,"000000-00-0 TA XII-A WILMINGTON 628,557 1.164 CI CAPITAL INVESTORS III LP NA MAC",,05/17/2018,11793022.0,0,0.112
VRIAC,2021Q4,CLARION PARTNERS DEBT INVEST FUND WILMINGTON,DE,11/20/2015,11495540.0,0,0.0
VRIAC,2021Q4,K3 PRIVATE INVESTORS LP,,07/18/2016,10801476.0,0,0.0
VRIAC,2021Q4,"000000-00-0 MSOUTH EQUITY PARTNERS WILMINGTON LUX 0 6,999,338 4.676 BROOKFIELD I",DE,05/04/2018,9995011.0,0,0.11
VRIAC,2021Q4,TA XII-A,,02/22/2016,9952564.0,0,0.0
VRIAC,2021Q4,000000-00-0 CHAMBERS ENERGY CAPITAL III WILMINGTON NY CHAMBERS ENERGY CAPITAL II,CA,10/01/2015,9494461.0,0,0.562
VRIAC,2021Q4,GENSTAR CAPITAL PARTNERS VIII,,04/28/2017,9397202.0,0,0.0
VRIAC,2021Q4,BERKSHIRE FUND IX LP SIMSBURY,CT,03/03/2017,9140025.0,0,0.617
VRIAC,2021Q4,OAKTREE REDF II FUND GRAND CAYMAN,CYM,12/27/2017,8697874.0,0,0.0
VRIAC,2021Q4,POMONA VOYA HOLDINGS IV LP WILMINGTON POMONA VOYA HOLDINGS V-A LP,,07/15/2008,8559839.0,0,0.036
VRIAC,2021Q4,CI CAPITAL INVESTORS III LP,,03/14/2016,8504019.0,0,0.0
VRIAC,2021Q4,POMONA VOYA HOLDINGS II LP WILMINGTON POMONA VOYA HOLDINGS II LP,,07/25/2008,8499575.0,4225176,0.182
VRIAC,2021Q4,"000000-00-0 CLARION CAPITAL PARTNERS III GRAND CAYMAN DE 0 5,664,880 0.207 GENST",DE,02/22/2018,8295997.0,0,0.0
VRIAC,2021Q4,MESA WEST RE INC FUND IV LP WILMINGTON,DE,03/17/2017,8217470.0,0,0.0
VRIAC,2021Q4,000000-00-0 THOMA BRAVO SPECIAL OPS FUND II-A LP WILMINGTON THOMA BRAVO SPECIAL ,DE,05/22/2015,8204542.0,94384,0.893
VRIAC,2021Q4,000000-00-0 AUDAX PRIVATE EQUITY FUND V-A LP HOUSTON AUDAX PRIVATE EQUITY FUND V,NY,10/01/2015,8188533.0,812605,0.687
VRIAC,2021Q4,GCG INVESTORS IV LP,,03/14/2017,7967945.0,0,0.0
VRIAC,2021Q4,VOYA ASIA PACIFIC PRIV EQ CO-INV I WILMINGTON VOYA ASIA PACIFIC PRIV EQ CO-INV I,,02/14/2008,7773597.0,75000000,100.0
VRIAC,2021Q4,TA SUBORDINATED DEBT FUND IV LP WILMINGTON CLEARLAKE CAPITAL PARTNERS V,,02/01/2018,7576620.0,0,1.971
VRIAC,2021Q4,000000-00-0 GRAND CAYMAN CA 0 0 0.471 VISTA EQUITY PARTNERS FUND VI LP HAMILTON ,VI,06/28/2016,7531236.0,0,2.512
VRIAC,2021Q4,VOYA INSURANCE AND ANNUITY,CO,02/28/2019,7500000.0,310500,0.0
VRIAC,2021Q4,INVESCO US VALUE ADD FUND IV LP,,04/28/2015,7424307.0,0,0.0
VRIAC,2021Q4,"000000-00-0 PETERSHILL FUND II LP NEW YORK CT PETERSHILL FUND II LP 4,657,816 5,",DE,06/08/2015,7342114.0,0,0.029
VRIAC,2021Q4,NEW MOUNTAIN PARTNERS V,,11/29/2017,7214233.0,0,0.0
VRIAC,2021Q4,"000000-00-0 CHARLESBANK CAP PTNS IX LP WILMINGTON DE 828,711 0.798 STONEPEAK INF",DE,02/14/2019,6739688.0,696434,0.037
VRIAC,2021Q4,THOMA BRAVO FUND XII,,05/31/2016,6663910.0,0,0.0
VRIAC,2021Q4,MARANON SR CREDIT STRATEGIES FND V,,09/21/2017,6643472.0,0,0.0
VRIAC,2021Q4,HARVEST PARTNERS VII LP WILMINGTON,DE,09/28/2016,6583891.0,0,0.0
VRIAC,2021Q4,KAYNE SENIOR CREDIT FUND III,,05/30/2017,6496407.0,0,0.0
VRIAC,2021Q4,000000-00-0 QUANTUM ENERGY PARTNERS VI LP SAN FRANCISCO DE QUANTUM ENERGY PARTNE,DE,01/25/2016,6426194.0,0,0.0
VRIAC,2021Q4,GREEN EQUITY INVESTORS VII LP WILMINGTON,DE,05/12/2017,6252453.0,0,0.0
VRIAC,2021Q4,"000000-00-0 QUANTUM ENERGY PARTNERS VII WILMINGTON MN 2,442,075 0.101 BLACKSTONE",DE,06/05/2019,6208283.0,112540,0.124
VRIAC,2021Q4,HARBORWALK FUNDING TRUST VARIOUS FARMERS INSURANCE EXCHANGE,,10/10/2017,6000000.0,0,0.0
VRIAC,2021Q4,"000000-00-0 CVC CREDIT PARTNERS EURO MID MARKET WILMINGTON DE 0 2,006,940 0.127 ",DE,05/18/2016,5974265.0,0,0.326
VRIAC,2021Q4,BRYNWOOD PARTNERS VIII LP,,04/20/2018,5904597.0,0,0.0
VRIAC,2021Q4,GREAT HILL EQUITY PARTNERS,VI,10/30/2017,5456282.0,0,0.0
VRIAC,2021Q4,"000000-00-0 SHELTER GROWTH OPPOR FUND LTD WILMINGTON 19,198 223,424 0.126 APOLLO",,03/29/2019,5378128.0,3176861,0.115
VRIAC,2021Q4,TA SUBORDINATED DEBT FUND IV LP,,02/22/2016,5328655.0,0,0.0
VRIAC,2021Q4,TAILWIND CAPITAL PARTNERS III LP,,09/27/2018,5263338.0,0,0.0
VRIAC,2021Q4,"GREEN MOUNTAIN PARTNERS III, LP PRVT QUECHEE",VT,07/11/2002,5234323.0,0,0.179
VRIAC,2021Q4,309601-AA-0 FARMERS EXCHANGE CAPITAL 144A MERCER ISLAND FARMERS INSURANCE EXCHAN,,01/03/2011,4984505.0,345450,0.0
VRIAC,2021Q4,000000-00-0 INSIGHT VENT PTNS GWTH-BUYOUT FUND WILMINGTON INSIGHT VENT PTNS GWTH,VI,01/19/2016,4770697.0,814334,0.09
VRIAC,2021Q4,"000000-00-0 INSIGHT VENTURE PARTNERS X LP GRAND CAYMAN 62,399 408,582 0.335 TAIL",,06/05/2019,4495073.0,639176,0.0
VRIAC,2021Q4,HARVEST PARTNERS VIII LP DES MOINES,IA,11/27/2019,4434672.0,0,0.09
VRIAC,2021Q4,INSIGHT VENTURE PARTNERS XI LP GRAND CAYMAN,CYM,03/25/2020,4426723.0,0,0.0
VRIAC,2021Q4,"000000-00-0 EQT INFRASTRUCTURE III LUXEMBOURG 14,123 80,000 0.100 DYAL PARTNERS ",,01/31/2018,4415837.0,0,1.375
VRIAC,2021Q4,TA XIII-A GRAND CAYMAN,CYM,12/16/2019,4274444.0,0,0.154
VRIAC,2021Q4,DYAL PARTNERS III PE,,01/08/2016,4261100.0,0,0.0
VRIAC,2021Q4,"000000-00-0 COOK PARALLEL LP WILMINGTON CA COOK PARALLEL LP 4,695,331 5,561,090 ",DE,05/13/2016,4244144.0,0,0.179
VRIAC,2021Q4,KKR GLOBAL INFRASTRUCR INVEST III,,12/03/2018,3941501.0,0,0.0
VRIAC,2021Q4,KAYNE SENIOR CREDIT FUND IV WILMINGTON,DE,01/24/2020,3879542.0,0,0.15
VRIAC,2021Q4,"000000-00-0 GREAT HILL EQUITY PARTNERS VI LP WILMINGTON DE 3,970 0 9.907 E07.1 0",DE,01/24/2019,3782759.0,194196,0.463
VRIAC,2021Q4,000000-00-0 KAYNE SENIOR CREDIT FUND II LP NEW YORK CT KAYNE SENIOR CREDIT FUND ,DE,05/11/2015,3716152.0,455639,0.188
VRIAC,2021Q4,44983*-AA-7 FARMERS INSURANCE EXCHANGE MERCER ISLAND FARMERS INSURANCE EXCHANGE ,,01/03/2011,3642331.0,18145,0.0
VRIAC,2021Q4,PARTNERS IX,,04/26/2017,3621584.0,0,0.0
VRIAC,2021Q4,"000000-00-0 QUAD-C PARTNERS IX MINNEAPOLIS 491,535 354,321 0.451 BLACKSTONE FI &",DE,05/30/2018,3608479.0,421774,3.616
VRIAC,2021Q4,HELLMAN & FRIEDMAN CAP PTNS IX GRAND CAYMAN,CYM,04/07/2020,3587761.0,0,0.0
VRIAC,2021Q4,"000000-00-0 AUDAX PRIVATE EQUITY FUND VI-A LP WILMINGTON DE 1,817 3,800,228 0.24",CYM,09/13/2019,3575956.0,0,0.0
VRIAC,2021Q4,CARLYLE REALTY PARTNERS VIII LP WILMINGTON CARLYLE REALTY PARTNERS VIII LP,,12/04/2017,3564021.0,0,0.0
VRIAC,2021Q4,"KINDERHOOK CAPITAL FUND V-B DE KINDERHOOK CAPITAL FUND V-B 12,473,111 13,099,197",,03/26/2015,3546993.0,0,0.0
VRIAC,2021Q4,VERITAS CAPITAL CREDIT OPPS FUND WILMINGTON,DE,11/20/2020,3389024.0,0,0.0
VRIAC,2021Q4,"BERKSHIRE FUNDS VI ,LP PRVT BOSTON MA BERKSHIRE FUNDS",VI,07/11/2002,3346102.0,0,0.378
VRIAC,2021Q4,"000000-00-0 EQT INFRASTRUCTURE IV LUXEMBOURG DE 847,355 0.694 EAST LODGE EUROPEA",DE,07/03/2019,3270143.0,341936,0.148
VRIAC,2021Q4,GRYPHON PARTNERS VI LP WILMINGTON DE GRYPHON PARTNERS,VI,12/18/2020,3268886.0,0,0.0
VRIAC,2021Q4,PRIVATE INVESTORS LP WILMINGTON 0 THOMA BRAVO FUND XII WILMINGTON PETERSHILL PRI,,05/07/2018,3048419.0,0,0.0
VRIAC,2021Q4,DYAL CAPITAL PARTNERS IV,,06/11/2018,2910720.0,0,0.0
VRIAC,2021Q4,"000000-00-0 BRYNWOOD PARTNERS VIII LP WILMINGTON DE 0 306,579 0.403 KKR GLOBAL I",PR,05/21/2018,2841529.0,0,0.0
VRIAC,2021Q4,TPG REAL ESTATE PARTNERS III,,09/17/2019,2662351.0,0,0.0
VRIAC,2021Q4,"000000-00-0 CERBERUS RM FUND GRAND CAYMAN DE 728,210 1.652 MACHINE ZONE COMMON S",DE,07/16/2018,2650769.0,18506,0.165
VRIAC,2021Q4,NEW YORK LIFE INSURANCE COMPANY,,07/21/2020,2412511.0,380775,0.0
VRIAC,2021Q4,GENSTAR VIII OPPORTUNITIES FUND I,,10/05/2017,2411632.0,0,0.0
VRIAC,2021Q4,"000000-00-0 PEAK ROCK CAP CREDIT FUND II WILMINGTON CYM 1,417,131 1.017 DYAL CAP",DE,08/29/2019,2272213.0,0,0.156
VRIAC,2021Q4,FARMERS INSURANCE EXCHANGE 144A MERCER ISLAND FARMERS INSURANCE EXCHANGE,,08/27/2020,2228458.0,0,0.0
VRIAC,2021Q4,SOLUS LLC NEW YORK,NY,07/01/2014,2216761.0,540220,1.225
VRIAC,2021Q4,CLEARLAKE CAPITAL PARTNERS VI WILMINGTON DE CLEARLAKE CAPITAL PARTNERS,VI,05/27/2020,2174370.0,0,0.0
VRIAC,2021Q4,"000000-00-0 NEW MOUNTAIN PARTNERS V WILMINGTON 0 70,495 0.158 ENCAP ENERGY CAPIT",,04/25/2019,2002403.0,297436,0.834
VRIAC,2021Q4,VERITAS CAPITAL FUND VII LP WILMINGTON,DE,04/15/2020,1839759.0,0,0.0
VRIAC,2021Q4,ENCAP ENERGY CAPITAL FUND XI LP,,07/17/2017,1707601.0,0,0.0
VRIAC,2021Q4,"000000-00-0 MARANON SR CREDIT STRATEGIES FND V WILMINGTON DE 684,293 1,480,409 1",DE,03/28/2019,1706348.0,237759,0.056
VRIAC,2021Q4,BLACKSTONE REAL ESTATE PARTNERS IX LP WILMINGTON BLACKSTONE REAL ESTATE PARTNERS,,08/18/2015,1678572.0,0,0.0
VRIAC,2021Q4,NAUTIC PARTNERS VIII LP WILMINGTON,DE,12/14/2016,1605099.0,0,0.238
VRIAC,2021Q4,"000000-00-0 APOLLO HYBRID VALUE FUND LP WILMINGTON DE 1,470,642 2,749,183 0.209 ",DE,06/21/2019,1531519.0,0,0.0
VRIAC,2021Q4,APOLLO INVESTMENT FUND IX LP,,03/15/2019,1490455.0,0,0.0
VRIAC,2021Q4,GREEN EQUITY INVESTORS VIII L.P WILMINGTON,DE,10/21/2020,1436704.0,0,0.0
VRIAC,2021Q4,"000000-00-0 GENSTAR IX OPPORTUNITIES I WILMINGTON DE 3,229,000 0.346 TWO SIGMA M",DE,09/06/2019,1417878.0,124509,0.526
VRIAC,2021Q4,GENERAL ATLANTIC INV PTNS 2019 GRAND CAYMAN,CYM,01/14/2020,1385977.0,0,0.235
VRIAC,2021Q4,MACQUARIE INFRASTRUCTURE PARTNERS V WILMINGTON,DE,12/16/2020,1323364.0,0,0.0
VRIAC,2021Q4,"000000-00-0 THOMAS BRAVO FUND XIII WILMINGTON CYM 2,558,494 5,513,252 0.212 GTCR",DE,11/21/2016,1311097.0,1249596,0.132
VRIAC,2021Q4,NAUTIC PARTNERS IX LP WILMINGTON,DE,02/21/2020,1212649.0,0,1.88
VRIAC,2021Q4,"000000-00-0 PEAK ROCK CAPITAL FUND II WILMINGTON 11,029 1,391,998 0.223 CLEARLAK",DE,07/08/2019,1197707.0,0,1.134
VRIAC,2021Q4,"CASTLE HARLAN PARTNERS IV, LP PRVT NEW YORK",NY,06/05/2002,1154528.0,0,0.0
VRIAC,2021Q4,"POMONA VOYA HOLDINGS V LP 320,372 0 0.209 POMONA VOYA HOLDINGS V-A LP WILMINGTON",,11/30/2011,884004.0,0,0.056
VRIAC,2021Q4,ARCLIGHT ENERGY PARTNERS FUND VII WILMINGTON,DE,02/25/2020,546020.0,0,0.08
VRIAC,2021Q4,000000-00-0 ABRY PARTNERS VII LP WILMINGTON TX ABRY PARTNERS VII LP 0 24.514 GRE,TX,09/01/2016,510737.0,5036090,0.462
VRIAC,2021Q4,KINDERHOOK CAPITAL FUND VI WILMINGTON DE KINDERHOOK CAPITAL FUND,VI,07/31/2020,485140.0,0,0.0
VRIAC,2021Q4,RIVERROCH LLC,,12/31/2019,375365.0,0,0.0
VRIAC,2021Q4,BLACKSTONE FI & TRADING FUND,,10/11/2016,291620.0,0,0.0
VRIAC,2021Q4,PEAK ROCK CAP CREDIT FUND II,,03/06/2018,210124.0,0,0.0
VRIAC,2021Q4,"000000-00-0 VERITAS CAPITAL FUND VI LP WILMINGTON DE 0 299,053 0.273 GCG INVESTO",DE,07/27/2018,200890.0,168000,3.322
VRIAC,2021Q4,BLACKSTONE EQ MANAGED ACCT PORT LP,,02/03/2020,181483.0,0,0.0
VRIAC,2021Q4,"000000-00-0 GENSTAR VIII OPPORTUNITIES FUND I WILMINGTON 526,563 27 0.209 BLACKS",,12/29/2017,173513.0,313088,0.366
VRIAC,2021Q4,"Voya Retirement Advisors, LLC WINDSOR",,12/31/2019,166554.0,0,31.814
VRIAC,2021Q4,NORTHWESTERN MUTUAL LIFE INSURANCE 144A,,01/03/2011,119435.0,11132246,0.0
VRIAC,2021Q4,NEW YORK LIFE INSURANCE COMPANY NEW YORK NEW YORK LIFE INSURANCE,CO,10/28/2020,110669.0,0,0.0
VRIAC,2021Q4,"000000-00-0 FS EQUITY PARTNERS VII LP IRVING CT FS EQUITY PARTNERS VII LP 319,72",DE,08/14/2015,110160.0,0,1.589
VRIAC,2021Q4,"000000-00-0 MACQUARIE INFRASTRUCTURE PARTNERS IV WILMINGTON DE 0 3,226,502 0.683",TX,07/01/2019,109534.0,240929,0.372
VRIAC,2021Q4,"DE VA CAPITAL COMPANY, LLC 6,748,462 7,842,110 7,842,110 DE",,04/29/2015,107296.0,0,0.0
VRIAC,2021Q4,MANCHESTER AVIATION SHIPPG TERMINA PRVT MANCHESTER AVIATION SHIPPG TERMINA PRVT ,CA,05/31/2018,100000.0,3550701,0.0
VRIAC,2021Q4,"LEXINGTON CAPITAL PARTNER V, LP PRVT NEW YORK",NY,02/21/2002,97622.0,0,0.34
VRIAC,2021Q4,STONEPEAK INFRASTRUCTURE FUND IV LP WILMINGTON,DE,12/30/2020,49396.0,0,0.0
VRIAC,2021Q4,BLACKSTONE EVENT FUND PRVT WILMINGTON,DE,04/02/2007,37672.0,0,0.6
VRIAC,2021Q4,VISTA FOUNDATION FUND IV WILMINGTON,DE,07/24/2020,20175.0,0,0.0
VRIAC,2021Q4,BLACKSTONE MARKET OPPORTUNITIES FU PRVT BLACKSTONE MARKET OPPORTUNITIES FU PRVT ,DE,04/02/2007,7224.0,14822,0.0
VRIAC,2021Q4,FNMA_91-93 R VARIOUS US FNMA_91-93 R,,05/31/2018,0.0,0,0.672
VRIAC,2021Q4,FNMA_91-148 R VARIOUS US FNMA_91-148 R,,05/31/2018,0.0,0,13.706
VRIAC,2021Q4,FNMA_94-6 F VARIOUS US FNMA_94-6 F,,05/31/2018,0.0,171124,4.769
VRIAC,2021Q4,"000000-00-0 VISTA EQUITY PARTNERS FUND VII LP GRAND CAYMAN DE 0 3,091,098 0.439 ",DE,09/26/2019,0.0,0,0.42
VRIAC,2021Q4,SHELTER GROWTH OPPOR FUND LTD,,05/01/2017,0.0,0,0.0
VRIAC,2021Q4,MACHINE ZONE SERIES D,,02/18/2016,0.0,0,0.0
VRIAC,2021Q4,DE BLACKSTONE STRATEGIC OPPORTUNITIES FUND,,03/24/2015,0.0,0,0.0
VRIAC,2021Q4,DE SENATOR GLOBAL OPPORTUNITY FUND LP,,03/25/2015,0.0,0,0.0
VRIAC,2021Q4,JEFFERIES CAPITAL PARTNERS IV L.P. PRVT WILMINGTON,,06/19/2006,0.0,0,1.919
VRIAC,2021Q4,BLACKSTONE STRATEGIC OPPORTUNITIES FUND NEW YORK,,02/28/2017,0.0,8235,0.563
VRIAC,2021Q4,SENATOR GLOBAL OPPORTUNITY FUND LP NEW YORK,,05/31/2018,0.0,0,0.0
VRIAC,2021Q4,"VOYA FINANCIAL PARTNERS, LLC WINDSOR",,06/30/2000,0.0,0,100.0
VRIAC,2021Q4,POMONA CAPITAL VII PRVT WILMINGTON POMONA CAPITAL VII PRVT,,02/27/2008,0.0,50963,22.836
VRIAC,2021Q4,"POMONA CAPITAL V, LP PRVT WILMINGTON POMONA CAPITAL V, LP PRVT",,12/14/2001,0.0,9057403,4.17
VRIAC,2021Q4,"POMONA CAPITAL VIII LP 0 297,396 113,477,473 0 1.203 POMONA VOYA HOLDINGS V LP W",,01/10/2012,0.0,0,0.0
VRIAC,2021Q4,POMONA CAPITAL IX LP WILMINGTON,,02/08/2018,0.0,0,0.0
VRIAC,2021Q4,POMONA CAPITAL VIII LP WILMINGTON,,10/24/2012,0.0,0,0.0
VRIAC,2021Q4,POMONA CAPITAL VIII CO-INV LP WILMINGTON,,10/24/2012,0.0,0,0.0
VRIAC,2023Q2,Admini- Date Type Actual Cost Additional for E03 BALP98-57-2 APOLLO HYBRID VALUE,DE,03/29/2019,0.0,0,0.44
VRIAC,2023Q2,APOLLO INVESTMENT FUND IX WILMINGTON,DE,03/15/2019,0.0,0,0.05
VRIAC,2023Q2,ARES CORPORATE OPP FUND VI LP WILMINGTON DE ARES CORPORATE OPP FUND,VI,03/01/2021,0.0,0,0.13
VRIAC,2023Q2,BERKSHIRE FUND X WILMINGTON,DE,11/16/2021,0.0,0,0.36
VRIAC,2023Q2,BROOKFIELD INFRASTRUCTURE FND IIIB WILMINGTON,DE,05/16/2016,0.0,0,0.03
VRIAC,2023Q2,BROOKFIELD INFRASTRUCTURE FUND IV LP WILMINGTON,DE,09/13/2019,0.0,0,0.04
VRIAC,2023Q2,BRYNWOOD PARTNERS VIII WILMINGTON,DE,04/20/2018,0.0,0,0.96
VRIAC,2023Q2,CHARLESBANK CAP PTNS IX LP WILMINGTON,DE,07/16/2018,0.0,0,0.2
VRIAC,2023Q2,CLARION CAPITAL PARTNERS III GRAND CAYMAN,CYM,06/21/2019,0.0,0,1.69
VRIAC,2023Q2,CLEARLAKE CAPITAL PARTNERS V WILMINGTON,DE,02/01/2018,0.0,0,0.13
VRIAC,2023Q2,DYAL PARTNERS III PE WILMINGTON,DE,01/08/2016,0.0,0,0.18
VRIAC,2023Q2,ENCAP ENERGY CAPITAL FUND X LP HOUSTON,TX,03/26/2015,0.0,0,0.07
VRIAC,2023Q2,ENCAP ENERGY CAPITAL FUND XI HOUSTON,TX,07/17/2017,0.0,0,0.1
VRIAC,2023Q2,EQT INFRASTRUCTURE EQT V WILMINGTON,DE,08/13/2021,0.0,0,0.17
VRIAC,2023Q2,EQT INFRASTRUCTURE III LUXEMBOURG,LUX,10/25/2017,0.0,0,0.17
VRIAC,2023Q2,EQT INFRASTRUCTURE IV LUXEMBOURG,LUX,06/05/2019,0.0,0,0.2
VRIAC,2023Q2,EQT X (No.2) USD SCSp LUXEMBOURG,LUX,05/24/2023,0.0,0,0.0
VRIAC,2023Q2,FFL CAPITAL PARTNERS IV LP SAN FRANCISCO,CA,03/25/2015,0.0,0,0.7
VRIAC,2023Q2,FS EQUITY PARTNERS VII LP LOS ANGELES,CA,11/03/2014,0.0,0,0.54
VRIAC,2023Q2,GENERAL ATLANTIC INV PTNS 2019 GRAND CAYMAN,CYM,01/14/2020,0.0,0,0.23
VRIAC,2023Q2,GENSTAR CAPITAL PARTNERS IX WILMINGTON,DE,07/03/2019,0.0,0,0.16
VRIAC,2023Q2,GENSTAR CAPITAL PARTNERS VII WILMINGTON,DE,10/01/2015,0.0,0,0.94
VRIAC,2023Q2,GENSTAR CAPITAL PARTNERS X WILMINGTON,DE,10/04/2021,0.0,0,0.1
VRIAC,2023Q2,GENSTAR CAPITAL PTNRS VIII WILMINGTON,DE,04/28/2017,0.0,0,0.43
VRIAC,2023Q2,GREEN EQUITY INVESTORS VIII LP WILMINGTON,DE,10/21/2020,0.0,0,0.19
VRIAC,2023Q2,GRYPHON PARTNERS VI LP WILMINGTON DE GRYPHON PARTNERS,VI,12/18/2020,0.0,0,0.65
VRIAC,2023Q2,HARVEST PARTNERS IX LP WILMINGTON,DE,09/01/2022,0.0,0,0.1
VRIAC,2023Q2,HARVEST PARTNERS VIII LP DES MOINES,IA,11/27/2019,0.0,0,0.04
VRIAC,2023Q2,HELLMAN & FRIEDMAN INVESTORS VIII GRAND CAYMAN,CYM,09/01/2016,0.0,0,0.13
VRIAC,2023Q2,HG SATURN 3 A LP WILMINGTON,DE,07/01/2022,0.0,0,0.08
VRIAC,2023Q2,INSIGHT PARTNERS XII LP WILMINGTON,DE,07/15/2021,0.0,0,0.04
VRIAC,2023Q2,K3 PRIVATE INVESTORS LP WILMINGTON,DE,07/18/2016,0.0,0,1.11
VRIAC,2023Q2,KAYNE SENIOR CREDIT FUND III WILMINGTON,DE,05/30/2017,0.0,0,3.12
VRIAC,2023Q2,KAYNE SENIOR CREDIT IV LP WILMINGTON,DE,01/24/2020,0.0,0,3.04
VRIAC,2023Q2,KINDERHOOK CAPITAL FUND VI WILMINGTON DE KINDERHOOK CAPITAL FUND,VI,07/31/2020,0.0,0,0.6
VRIAC,2023Q2,KKR GLBL INFRASTRUCTURE INVEST IV WILMINGTON,DE,04/21/2022,0.0,0,0.07
VRIAC,2023Q2,KKR GLOBAL INFRASTRUCTURE INVEST III GRAND CAYMAN,CYM,12/03/2018,0.0,0,0.15
VRIAC,2023Q2,MACQUARIE INFRASTRUCTURE PRTNS V WILMINGTON,DE,12/16/2020,0.0,0,0.15
VRIAC,2023Q2,MARANON SR CREDIT STRATEGIES FND X WILMINGTON,DE,01/14/2022,0.0,0,5.0
VRIAC,2023Q2,MERIT CAPITAL FUND VII LP WILMINGTON,DE,09/01/2022,0.0,0,1.35
VRIAC,2023Q2,METALMARK CAP PARTNERS II LP NEW YORK,NY,12/11/2014,0.0,0,0.86
VRIAC,2023Q2,MSOUTH EQUITY PARTNERS WILMINGTON,DE,09/06/2019,0.0,0,0.76
VRIAC,2023Q2,NEW MOUNTAIN PARTNERS V WILMINGTON,DE,11/29/2017,0.0,0,0.12
VRIAC,2023Q2,PEAK ROCK CAPITAL CREDIT FUND II WILMINGTON,DE,03/06/2018,0.0,0,0.65
VRIAC,2023Q2,PEAK ROCK CAPITAL FUND II WILMINGTON,DE,01/31/2018,0.0,0,0.7
VRIAC,2023Q2,PEAK ROCK CAPITAL FUND III LP WILMINGTON,DE,07/13/2021,0.0,0,0.32
VRIAC,2023Q2,PETERSHILL PRIVATE EQUITY LP WILMINGTON,DE,05/07/2018,0.0,0,1.2
VRIAC,2023Q2,QUANTUM ENERGY PARTNERS VII WILMINGTON,DE,05/30/2018,0.0,0,0.21
VRIAC,2023Q2,ROARK CAPITAL PARTNERS VI WILMINGTON DE ROARK CAPITAL PARTNERS,VI,01/03/2022,0.0,0,0.19
VRIAC,2023Q2,SILVER LAKE PARTNERS VI LP WILMINGTON DE SILVER LAKE PARTNERS,VI,01/06/2021,0.0,0,0.04
VRIAC,2023Q2,SILVER OAK SVS PARTNERS III LP WILMINGTON,DE,11/21/2016,0.0,0,0.98
VRIAC,2023Q2,STONEPEAK INFRASTRUCTURE FUND IV LP WILMINGTON,DE,12/30/2020,0.0,0,0.06
VRIAC,2023Q2,TA DEBT FUND V WILMINGTON,DE,06/28/2023,0.0,0,0.0
VRIAC,2023Q2,TA XIV-A LP WILMINGTON,DE,12/03/2021,0.0,0,0.11
VRIAC,2023Q2,TAILWIND CAPITAL PARTNERS III LP WILMINGTON,DE,09/27/2018,0.0,0,0.78
VRIAC,2023Q2,THE RESOLUTE FUND V LP WILMINGTON,DE,09/07/2021,0.0,0,0.14
VRIAC,2023Q2,THOMA BRAVO FUND XV LP WILMINGTON,DE,06/02/2022,0.0,0,0.09
VRIAC,2023Q2,Admini- Date Type Actual Cost Additional for THOMAS BRAVO DISCOVER LP III LP WIL,DE,06/11/2021,0.0,0,0.15
VRIAC,2023Q2,THOMAS H. LEE EQUITY IX LP WILMINGTON,DE,01/14/2022,0.0,0,0.22
VRIAC,2023Q2,VISTA EQUITY PARTNERS FUND VI GRAND CAYMAN CYM VISTA EQUITY PARTNERS FUND,VI,06/28/2016,0.0,0,0.05
VRIAC,2023Q2,VSS STRUCTURED CAPITAL LP IV LP WILMINGTON,DE,07/01/2021,0.0,0,1.37
VRIAC,2023Q2,POMONA X LP WILMINGTON,DE,06/30/2021,0.0,0,5.57
VRIAC,2023Q2,"Voya Institutional Plan Services, LLC WINDSOR",CT,12/31/2019,0.0,0,100.0
VRIAC,2023Q2,BAIN CAPITAL REAL ESTATE FUND II WILMINGTON,DE,09/22/2021,0.0,0,0.47
VRIAC,2023Q2,BLACKSTONE REAL ESTATE PARTNERS IX LP WILMINGTON,DE,09/23/2019,0.0,0,0.04
VRIAC,2023Q2,BLACKSTONE REAL ESTATE PARTNERS X LP WILMINGTON,DE,03/24/2023,0.0,0,0.02
VRIAC,2023Q2,BLACKSTONE REAL ESTATE PTNS VIII WILMINGTON,DE,08/18/2015,0.0,0,0.05
VRIAC,2023Q2,CARLYLE REALTY PARTNERS IX LP WILMINGTON,DE,10/11/2022,0.0,0,0.09
VRIAC,2023Q2,CARLYLE REALTY PARTNERS VIII LP WILMINGTON,DE,12/04/2017,0.0,0,0.16
VRIAC,2023Q2,TPG REAL ESTATE PARTNERS III WILMINGTON,DE,09/17/2019,0.0,0,0.2
VRIAC,2023Q4,SECURITY LIFE OF DENVER INSURANCE 5% Due SECURITY LIFE OF DENVER INSURANCE 5% Du,CO,03/01/2021,76782504.0,3700000,0.0
VRIAC,2023Q4,VOYA INS AND ANNUITY CO LLC 6.257% Due VOYA INS AND ANNUITY CO LLC 6.257% Due 44,,12/29/2034,75000000.0,4933577,0.0
VRIAC,2023Q4,"VOYA FINANCIAL PARTNERS, LLC WINDSOR",CT,06/30/2000,53288092.0,69000000,100.0
VRIAC,2023Q4,POMONA X LP WILMINGTON,DE,06/30/2021,49161663.0,421655,5.6
VRIAC,2023Q4,TEACHERS INSUR & ANNUITY SERIES 144A 4.9% Due TEACHERS INSUR & ANNUITY SERIES 14,FE,10/23/2020,29633328.0,1176000,0.0
VRIAC,2023Q4,VOYA COMM MORTGAGE LENDING FUN LP WILMINGTON,DE,10/15/2019,25117587.0,1762929,2.21
VRIAC,2023Q4,POMONA CAP IX LP WILMINGTON,DE,02/08/2018,22845661.0,3316334,3.19
VRIAC,2023Q4,VERITAS CAPITAL FUND VI LP WILMINGTON DE VERITAS CAPITAL FUND,VI,06/15/2017,21994566.0,3585031,0.42
VRIAC,2023Q4,NORTHWESTERN MUTUAL LIFE SERIES 144A 6.063% NORTHWESTERN MUTUAL LIFE SERIES 144A,FE,01/03/2011,21548623.0,1242915,0.0
VRIAC,2023Q4,INSIGHT VENTURE PTNRS X LP GRAND CAYMAN,CYM,04/17/2018,19996476.0,1342302,0.13
VRIAC,2023Q4,INSIGHT VENTURE PARTNERS IX LP NEW YORK,NY,03/24/2015,18725632.0,2936523,0.18
VRIAC,2023Q4,K3 PRIVATE INVESTORS LP WILMINGTON,DE,07/18/2016,17606427.0,0,1.12
VRIAC,2023Q4,GTCR FUND XII WILMINGTON,DE,05/04/2018,17173874.0,0,0.31
VRIAC,2023Q4,VERITAS CAPITAL FUND V LP WILMINGTON,DE,06/08/2015,16086356.0,0,0.46
VRIAC,2023Q4,MACQUARIE INFRASTRUCTURE PTNS IV WILMINGTON,DE,05/17/2018,14097546.0,0,0.21
VRIAC,2023Q4,VERITAS CAPITAL FUND VII LP WILMINGTON,DE,04/15/2020,13193975.0,0,0.14
VRIAC,2023Q4,E07.3 BALP20-70-9 OCONEE REAL ESTATE IV WILMINGTON,DE,11/17/2023,13073909.0,0,0.0
VRIAC,2023Q4,TAILWIND CAPITAL PARTNERS III LP WILMINGTON,DE,09/27/2018,12896841.0,283568,0.78
VRIAC,2023Q4,AMERICAN SECURITIES PARTNERS VII WILMINGTON,DE,01/19/2016,12569157.0,2822000,0.21
VRIAC,2023Q4,STONEPEAK INFRASTRUCTURE PTNRS III WILMINGTON,DE,02/22/2018,12469937.0,305799,0.13
VRIAC,2023Q4,HELLMAN & FRIEDMAN INVESTORS VIII GRAND CAYMAN,CYM,09/01/2016,12461619.0,0,0.13
VRIAC,2023Q4,CLEARLAKE CAPITAL PARTNERS VI WILMINGTON DE CLEARLAKE CAPITAL PARTNERS,VI,05/27/2020,12379174.0,179847,0.11
VRIAC,2023Q4,QUANTUM ENERGY PARTNERS VI LP HOUSTON TX QUANTUM ENERGY PARTNERS,VI,02/02/2015,11739503.0,3716788,0.6
VRIAC,2023Q4,INSIGHT VENTURE PARTNERS XI LP GRAND CAYMAN,CYM,03/25/2020,11661992.0,28191,0.08
VRIAC,2023Q4,GREEN EQUITY INVESTORS VIII LP WILMINGTON,DE,10/21/2020,11594254.0,0,0.19
VRIAC,2023Q4,AMERICAN SECURITIES PARTNERS VIII WILMINGTON,DE,03/28/2019,11108600.0,405585,0.11
VRIAC,2023Q4,E07.2 BALP98-91-1 GENSTAR CAPITAL PTNRS VIII WILMINGTON,DE,04/28/2017,11032728.0,1856008,0.43
VRIAC,2023Q4,". Voya Institutional Plan Services, LLC WINDSOR",CT,12/31/2019,10964242.0,0,100.0
VRIAC,2023Q4,THOMA BRAVO FUND XIII WILMINGTON,DE,02/14/2019,10621513.0,684417,0.12
VRIAC,2023Q4,NEW MOUNTAIN PARTNERS VI LP WILMINGTON DE NEW MOUNTAIN PARTNERS,VI,03/10/2021,10545035.0,0,0.11
VRIAC,2023Q4,NEW MOUNTAIN PARTNERS V WILMINGTON,DE,11/29/2017,10438812.0,3664877,0.12
VRIAC,2023Q4,". Voya Retirement Advisors, LLC WINDSOR",CT,12/31/2019,10419020.0,26000000,100.0
VRIAC,2023Q4,THE RESOLUTE FUND V LP WILMINGTON,DE,09/07/2021,10131847.0,5300,0.14
VRIAC,2023Q4,E07 BALP20-07-1 HELLMAN & FRIEDMAN CAP PTNS IX GRAND CAYMAN,CYM,04/07/2020,10097472.0,67067,0.08
VRIAC,2023Q4,GENSTAR CAPITAL PARTNERS VII WILMINGTON,DE,10/01/2015,10024979.0,1257776,0.94
VRIAC,2023Q4,BRYNWOOD PARTNERS VIII WILMINGTON,DE,04/20/2018,9966970.0,2393473,0.93
VRIAC,2023Q4,GENSTAR CAPITAL PARTNERS IX WILMINGTON,DE,07/03/2019,9776418.0,493051,0.16
VRIAC,2023Q4,CLARION PARTNERS DEBT INVEST FUND WILMINGTON,DE,11/20/2015,9715365.0,876860,13.69
VRIAC,2023Q4,FS EQUITY PARTNERS VIII WILMINGTON,DE,04/25/2019,9677951.0,0,0.38
VRIAC,2023Q4,BLACKSTONE REAL ESTATE PARTNERS IX LP WILMINGTON,DE,09/23/2019,9375221.0,136769,0.04
VRIAC,2023Q4,EQT INFRASTRUCTURE EQT V WILMINGTON,DE,08/13/2021,9316300.0,0,0.16
VRIAC,2023Q4,TA XIII-A GRAND CAYMAN,CYM,12/16/2019,9282572.0,279150,0.13
VRIAC,2023Q4,OCONEE REAL ESTATE VI WILMINGTON DE OCONEE REAL ESTATE,VI,12/15/2023,9240000.0,0,0.0
VRIAC,2023Q4,CERBERUS RM FUND GRAND CAYMAN,CYM,06/05/2019,9059149.0,0,5.22
VRIAC,2023Q4,TA XII-A WILMINGTON,DE,02/22/2016,8847798.0,896340,0.18
VRIAC,2023Q4,MSOUTH EQUITY PARTNERS WILMINGTON,DE,09/06/2019,8832236.0,0,0.75
VRIAC,2023Q4,AUDAX PRIVATE EQUITY VI-A LP WILMINGTON,DE,08/29/2019,8720184.0,246477,0.33
VRIAC,2023Q4,DYAL CAPITAL PARTNERS IV WILMINGTON,DE,06/11/2018,8640482.0,1021689,0.39
VRIAC,2023Q4,FS EQUITY PARTNERS VII LP LOS ANGELES,CA,11/03/2014,8555251.0,0,0.54
VRIAC,2023Q4,ENCAP ENERGY CAPITAL FUND XI HOUSTON,TX,07/17/2017,8422239.0,2022617,0.1
VRIAC,2023Q4,KINDERHOOK CAPITAL FUND VI WILMINGTON DE KINDERHOOK CAPITAL FUND,VI,07/31/2020,8298430.0,1266414,0.59
VRIAC,2023Q4,Designation Book/ Years Other- Foreign EQT INFRASTRUCTURE IV LUXEMBOURG,LUX,06/05/2019,8280359.0,0,0.2
VRIAC,2023Q4,MACQUARIE INFRASTRUCTURE PRTNS V WILMINGTON,DE,12/16/2020,8183883.0,0,0.1
VRIAC,2023Q4,VISTA EQUITY PARTNERS FUND VII GRAND CAYMAN,CYM,01/24/2019,7997977.0,0,0.09
VRIAC,2023Q4,KKR GLOBAL INFRASTRUCTURE INVEST III GRAND CAYMAN,CYM,12/03/2018,7635346.0,331283,0.15
VRIAC,2023Q4,GUIDEPOST GROWTH EQUITY III-A LP WILMINGTON,DE,03/10/2021,7510205.0,0,3.19
VRIAC,2023Q4,MASSACHUSETTS MUT LIFE INS CO 5.077% Due MASSACHUSETTS MUT LIFE INS CO 5.077% Du,FE,03/26/2021,7500000.0,380775,0.0
VRIAC,2023Q4,BLACKSTONE REAL ESTATE PTNS VIII WILMINGTON,DE,08/18/2015,7450434.0,68500,0.06
VRIAC,2023Q4,BROOKFIELD INFRASTRUCTURE FUND IV LP WILMINGTON,DE,09/13/2019,7408497.0,362841,0.03
VRIAC,2023Q4,MARANON SR CREDIT STRATEGIES FND X WILMINGTON,DE,01/14/2022,7277785.0,572256,4.97
VRIAC,2023Q4,THOMAS BRAVO FUND LP XIV LP WILMINGTON,DE,04/15/2021,7249453.0,239161,0.1
VRIAC,2023Q4,GENSTAR CAPITAL PARTNERS X WILMINGTON,DE,10/04/2021,7177940.0,0,0.1
VRIAC,2023Q4,POMONA VOYA HOLDINGS IV LP WILMINGTON,DE,06/28/2018,7133840.0,1096105,18.3
VRIAC,2023Q4,SILVER LAKE PARTNERS VI LP WILMINGTON DE SILVER LAKE PARTNERS,VI,01/06/2021,7131171.0,4365,0.04
VRIAC,2023Q4,ARES CORPORATE OPP FUND VI LP WILMINGTON DE ARES CORPORATE OPP FUND,VI,03/01/2021,7125397.0,0,0.12
VRIAC,2023Q4,GREAT HILL EQUITY PARTNERS VI WILMINGTON DE GREAT HILL EQUITY PARTNERS,VI,10/30/2017,7078720.0,1432062,0.24
VRIAC,2023Q4,POMONA VOYA HOLDINGS V LP WILMINGTON,DE,01/10/2012,7071556.0,0,31.69
VRIAC,2023Q4,CLARION CAPITAL PARTNERS III GRAND CAYMAN,CYM,06/21/2019,6911992.0,0,1.66
VRIAC,2023Q4,GRYPHON PARTNERS VI LP WILMINGTON DE GRYPHON PARTNERS,VI,12/18/2020,6884003.0,0,0.64
VRIAC,2023Q4,QUANTUM ENERGY PARTNERS VII WILMINGTON,DE,05/30/2018,6830861.0,755311,0.21
VRIAC,2023Q4,BERKSHIRE FUND IX LP SIMSBURY,CT,03/03/2017,6802309.0,317016,0.15
VRIAC,2023Q4,CLEARLAKE CAPITAL PARTNERS V WILMINGTON,DE,02/01/2018,6704640.0,691934,0.13
VRIAC,2023Q4,PETERSHILL FUND II LP NEW YORK,NY,01/21/2015,6678290.0,0,1.22
VRIAC,2023Q4,KKR GLBL INFRASTRUCTURE INVEST IV WILMINGTON,DE,04/21/2022,6545616.0,94744,0.07
VRIAC,2023Q4,THOMA BRAVO SPECIAL OPS FUND II-A WILMINGTON,DE,04/29/2015,6488915.0,0,1.5
VRIAC,2023Q4,CLAYTON DUBLIER & RICE FUND XI WILMINGTON,DE,09/23/2021,6410502.0,0,0.05
VRIAC,2023Q4,NGP NATURAL RESOURCES XI LP IRVING,TX,11/05/2014,6112817.0,1795013,0.15
VRIAC,2023Q4,APOLLO INVESTMENT FUND IX WILMINGTON,DE,03/15/2019,6019342.0,284088,0.05
VRIAC,2023Q4,FARMERS INS EXCH SERIES 144A 4.747% Due FARMERS INS EXCH SERIES 144A 4.747% Due ,FE,10/10/2017,6000000.0,284820,0.0
VRIAC,2023Q4,VERITAS CAPITAL CREDIT OPPS FUND WILMINGTON,DE,11/20/2020,5880223.0,139068,4.17
VRIAC,2023Q4,GENERAL ATLANTIC INV PTNS 2019 GRAND CAYMAN,CYM,01/14/2020,5861777.0,114530,0.23
VRIAC,2023Q4,CHARLESBANK CAP PTNS IX LP WILMINGTON,DE,07/16/2018,5836758.0,343816,0.2
VRIAC,2023Q4,CHARLESBANK EQUITY FUND X WILMINGTON,DE,09/27/2021,5814502.0,18922,0.31
VRIAC,2023Q4,BERKSHIRE FUND X WILMINGTON,DE,11/16/2021,5733407.0,52412,0.35
VRIAC,2023Q4,THOMA BRAVO FUND XV LP WILMINGTON,DE,06/02/2022,5608618.0,0,0.09
VRIAC,2023Q4,Designation Book/ Years Other- Foreign OAKTREE REDF II FUND GRAND CAYMAN,CYM,12/27/2017,5587741.0,0,0.67
VRIAC,2023Q4,MESA WEST RE INC FUND IV LP WILMINGTON,DE,03/17/2017,5432975.0,-280408,1.48
VRIAC,2023Q4,TA XIV-A LP WILMINGTON,DE,12/03/2021,5339078.0,0,0.11
VRIAC,2023Q4,BROOKFIELD INFRASTRUCTURE FND IIIB WILMINGTON,DE,05/16/2016,5307875.0,287752,0.03
VRIAC,2023Q4,TA SUBORDINATED DEBT FUND IV LP WILMINGTON,DE,02/22/2016,5306295.0,279880,1.26
VRIAC,2023Q4,COMVEST INVESTMENT PARTNERS V WILMINGTON,DE,11/02/2015,5242573.0,990634,2.39
VRIAC,2023Q4,INSIGHT PARTNERS XII LP WILMINGTON,DE,07/15/2021,5168360.0,0,0.04
VRIAC,2023Q4,GREAT HILL EQUITY PARTNERS V LP WILMINGTON,DE,04/29/2015,5137053.0,0,0.56
VRIAC,2023Q4,ARCLIGHT ENERGY PARTNERS FUND VII WILMINGTON,DE,02/25/2020,5129328.0,1619758,0.19
VRIAC,2023Q4,CARLYLE REALTY PARTNERS VIII LP WILMINGTON,DE,12/04/2017,5106232.0,578384,0.16
VRIAC,2023Q4,TPG REAL ESTATE PARTNERS III WILMINGTON,DE,09/17/2019,4963317.0,387841,0.2
VRIAC,2023Q4,PETERSHILL PRIVATE EQUITY LP WILMINGTON,DE,05/07/2018,4739142.0,0,1.21
VRIAC,2023Q4,KAYNE SENIOR CREDIT IV LP WILMINGTON,DE,01/24/2020,4654490.0,519812,3.02
VRIAC,2023Q4,VISTA EQUITY PARTNERS FUND VI GRAND CAYMAN CYM VISTA EQUITY PARTNERS FUND,VI,06/28/2016,4625505.0,906996,0.05
VRIAC,2023Q4,PEAK ROCK CAPITAL FUND II WILMINGTON,DE,01/31/2018,4541697.0,15338,0.66
VRIAC,2023Q4,CLEARLAKE CAPITAL PARTNERS VII LP WILMINGTON,DE,04/21/2022,4522638.0,8115,0.05
VRIAC,2023Q4,BAIN CAPITAL REAL ESTATE FUND II WILMINGTON,DE,09/22/2021,4483939.0,0,0.48
VRIAC,2023Q4,COOK PARALLEL LP WILMINGTON,DE,05/22/2015,4471408.0,0,24.07
VRIAC,2023Q4,INSIGHT VENT PTNS GWTH-BUYOUT FUND GRAND CAYMAN,CYM,05/11/2015,4292995.0,71669,0.11
VRIAC,2023Q4,QUAD-C PARTNER IX MINNEAPOLIS,MN,04/26/2017,4276409.0,518344,0.37
VRIAC,2023Q4,GREEN EQUITY INVESTORS VII LP WILMINGTON,DE,05/12/2017,4236939.0,500702,0.08
VRIAC,2023Q4,THOMAS BRAVO DISCOVER LP III LP WILMINGTON,DE,06/11/2021,4226039.0,0,0.15
VRIAC,2023Q4,VISTA FOUNDATION FUND IV WILMINGTON,DE,07/24/2020,4128520.0,0,0.19
VRIAC,2023Q4,KAYNE SENIOR CREDIT FUND III WILMINGTON,DE,05/30/2017,4033636.0,549902,3.08
VRIAC,2023Q4,EQT IX (NO2) USD SCSP LP WILMINGTON,DE,02/05/2021,4005807.0,18643,0.09
VRIAC,2023Q4,THE VERITAS CAPITAL FUND VIII LP WILMINGTON,DE,07/01/2022,3974008.0,0,0.07
VRIAC,2023Q4,STONEPEAK INFRASTRUCTURE FUND IV LP WILMINGTON,DE,12/30/2020,3962849.0,22314,0.06
VRIAC,2023Q4,GCG INVESTORS IV LP WILMINGTON,DE,03/14/2017,3951113.0,967942,3.09
VRIAC,2023Q4,THOMA BRAVO FUND XII WILMINGTON,DE,05/31/2016,3910271.0,0,0.08
VRIAC,2023Q4,DYAL PARTNERS III PE WILMINGTON,DE,01/08/2016,3735742.0,182172,0.2
VRIAC,2023Q4,MARANON SR CREDIT STRATEGIES FND V WILMINGTON,DE,09/21/2017,3647310.0,169196,9.37
VRIAC,2023Q4,CHARLESBANK CAP PTNS IX OVERAGE PR WILMINGTON DE CHARLESBANK CAP PTNS IX OVERAGE,PR,05/21/2018,3588367.0,619292,0.55
VRIAC,2023Q4,PEAK ROCK CAPITAL FUND III LP WILMINGTON,DE,07/13/2021,3583441.0,0,0.32
VRIAC,2023Q4,VSS STRUCTURED CAPITAL LP IV LP WILMINGTON,DE,07/01/2021,3544601.0,110039,1.37
VRIAC,2023Q4,FARMERS EXCHANGE CAPITAL SERIES 144A 7.05% Due FARMERS EXCHANGE CAPITAL SERIES 1,FE,01/03/2011,3539192.0,246750,0.0
VRIAC,2023Q4,ENCAP ENERGY CAPITAL FUND X LP HOUSTON,TX,03/26/2015,3514863.0,1857868,0.06
VRIAC,2023Q4,APOLLO HYBRID VALUE FUND WILMINGTON,DE,03/29/2019,3452556.0,625802,0.44
VRIAC,2023Q4,ARCLIGHT ENERGY PARTNERS FUND VI WILMINGTON DE ARCLIGHT ENERGY PARTNERS FUND,VI,08/14/2015,3399881.0,269106,0.18
VRIAC,2023Q4,THUNDER PARENT INC SAN FRANCISCO,CA,02/20/2015,3383626.0,0,1.05
VRIAC,2023Q4,BERKSHIRE FUNDS VI LP BOSTON MA BERKSHIRE FUNDS,VI,07/11/2002,3376817.0,0,0.76
VRIAC,2023Q4,CVC CAPITAL PARTNERS LTD VIII LTD WILMINGTON,DE,12/14/2021,3288181.0,2530,0.02
VRIAC,2023Q4,MERIT CAPITAL FUND VII LP WILMINGTON,DE,09/01/2022,3277720.0,0,1.35
VRIAC,2023Q4,EQT INFRASTRUCTURE III LUXEMBOURG,LUX,10/25/2017,3246499.0,1048720,0.17
VRIAC,2023Q4,GREEN MOUNTAIN PARTNERS III LP QUECHEE,VT,07/11/2002,3182664.0,389992,7.93
VRIAC,2023Q4,NAUTIC PARTNERS IX KP WILMINGTON,DE,02/21/2020,3159539.0,0,0.35
VRIAC,2023Q4,VERITAS CAPITAL CREDIT WILMINGTON,DE,05/20/2022,3128078.0,0,1.25
VRIAC,2023Q4,SILVER OAK SVS PARTNERS III LP WILMINGTON,DE,11/21/2016,2866184.0,0,0.96
VRIAC,2023Q4,ROARK CAPITAL PARTNERS VI WILMINGTON DE ROARK CAPITAL PARTNERS,VI,01/03/2022,2589040.0,0,0.19
VRIAC,2023Q4,NAUTIC PARTNERS X LP WILMINGTON,DE,01/21/2022,2525562.0,0,0.3
VRIAC,2023Q4,BLACKSTONE STRAT OPPORTUNITY FUND NEW YORK,NY,02/28/2017,2479948.0,0,0.18
VRIAC,2023Q4,GENSTAR VIII OPPORTUNITIES FUND I WILMINGTON,DE,10/05/2017,2459755.0,903093,0.24
VRIAC,2023Q4,HG SATURN 3 A LP WILMINGTON,DE,07/01/2022,2352554.0,0,0.07
VRIAC,2023Q4,FFL CAPITAL PARTNERS IV LP SAN FRANCISCO,CA,03/25/2015,2328782.0,238675,0.7
VRIAC,2023Q4,NEW YORK LIFE INSURANCE SERIES 144A 6 3/4% Due NEW YORK LIFE INSURANCE SERIES 14,,11/15/2039,2310638.0,106988,0.0
VRIAC,2023Q4,Thoma Bravo Discover Fund IV LP WILMINGTON,DE,12/08/2022,2260865.0,0,0.11
VRIAC,2023Q4,CVC CREDIT PARTNERS EURO MID-MKT WILMINGTON,DE,05/18/2016,2203772.0,115987,3.28
VRIAC,2023Q4,FARMERS EXCHANGE CAPITAL II SERIES 144A VAR % FARMERS EXCHANGE CAPITAL II SERIES,FE,08/27/2020,2139345.0,108873,0.0
VRIAC,2023Q4,GENSTAR IX OPPORTUNITIES I WILMINGTON,DE,07/08/2019,2135814.0,21703,0.2
VRIAC,2023Q4,BROOKFIELD INFRASTRUCTURE FD V WILMINGTON,DE,09/15/2023,2118048.0,0,0.03
VRIAC,2023Q4,HARVEST PARTNERS VIII LP DES MOINES,IA,11/27/2019,2100892.0,173597,0.04
VRIAC,2023Q4,METALMARK CAP PARTNERS II LP NEW YORK,NY,12/11/2014,2036977.0,135473,0.85
VRIAC,2023Q4,VOYA ASIA PACIFIC PRIV EQ CO-INV I WILMINGTON,DE,06/28/2018,2022427.0,0,45.54
VRIAC,2023Q4,NEW MOUNTAIN GUARDIAN IV BDC LLC WILMINGTON,DE,06/23/2022,1879356.0,2571,0.84
VRIAC,2023Q4,POMONA CAPITAL VIII LP WILMINGTON,DE,10/24/2012,1848248.0,4378891,4.61
VRIAC,2023Q4,SOLUS LLC NEW YORK,NY,07/01/2014,1762911.0,0,0.58
VRIAC,2023Q4,THOMAS H. LEE EQUITY IX LP WILMINGTON,DE,01/14/2022,1744877.0,0,0.22
VRIAC,2023Q4,HARVEST PARTNERS VII LP WILMINGTON,DE,09/28/2016,1677836.0,2996,0.05
VRIAC,2023Q4,PERMIRA VIII LUXEMBOURG,LUX,03/20/2023,1666650.0,0,0.03
VRIAC,2023Q4,CLEARLAKE OPPORTUNITIES PTNERS III LP WILMINGTON,DE,12/28/2022,1658756.0,0,0.3
VRIAC,2023Q4,NAUTIC PARTNERS VIII LP WILMINGTON,DE,12/14/2016,1641108.0,0,0.3
VRIAC,2023Q4,HARVEST PARTNERS IX LP WILMINGTON,DE,09/01/2022,1471035.0,0,0.1
VRIAC,2023Q4,E07.1 BALP20-59-2 TA DEBT FUND V WILMINGTON,DE,06/28/2023,1418572.0,0,0.48
VRIAC,2023Q4,CARLYLE REALTY PARTNERS IX LP WILMINGTON,DE,10/11/2022,1304205.0,0,0.09
VRIAC,2023Q4,NEW YORK LIFE INSURANCE SERIES 144A 3 3/4% Due NEW YORK LIFE INSURANCE SERIES 14,FE,07/21/2020,1266055.0,41250,0.0
VRIAC,2023Q4,AUDAX PRIVATE EQUITY FUND VII-A LP WILMINGTON,DE,08/07/2023,1028536.0,0,0.35
VRIAC,2023Q4,VOYA REIDF CLASS B SUB NOTES WILMINGTON,DE,10/26/2021,984318.0,0,5.63
VRIAC,2023Q4,APOLLO INVESTMENT FUND X WILMINGTON,DE,08/14/2023,975145.0,0,0.06
VRIAC,2023Q4,GLOBAL INFRASTRUCTURE PARTNERS V WILMINGTON,DE,09/28/2023,814909.0,0,0.22
VRIAC,2023Q4,POMONA VOYA HOLDINGS V-A LP WILMINGTON,DE,11/30/2011,798551.0,0,32.69
VRIAC,2023Q4,BAIN CAPITAL REAL ESTATE FUND III WILMINGTON,DE,12/18/2023,789889.0,0,0.0
VRIAC,2023Q4,Designation Book/ Years Other- Foreign KAYNE SENIOR CREDIT FUND II LP LOS ANGELE,CA,12/19/2014,787086.0,38109,4.55
VRIAC,2023Q4,EQT X NO 2 USD SCSP LUXEMBOURG,LUX,05/24/2023,778613.0,0,0.14
VRIAC,2023Q4,VOYA CLO LTD SERIES 2017-3A CLASS SUB 144A Adj VOYA CLO LTD SERIES 2017-3A CLASS,CYM,12/31/2022,747592.0,263129,0.0
VRIAC,2023Q4,Designation Book/ Years Other- Foreign ICON PARTNERS III LP WILMINGTON,DE,02/17/2022,650803.0,167,0.1
VRIAC,2023Q4,ALPINE INVESTORS IX LP WILMINGTON,DE,12/15/2023,527632.0,0,0.0
VRIAC,2023Q4,PEAK ROCK CAPITAL CREDIT FUND II WILMINGTON,DE,03/06/2018,511157.0,98201,0.63
VRIAC,2023Q4,VOYA CLO LTD SERIES 2018-1A CLASS SUB 144A Adj VOYA CLO LTD SERIES 2018-1A CLASS,CYM,12/31/2022,501725.0,288079,0.0
VRIAC,2023Q4,ACCEL-KKR CREDIT PARTNERS II LP WILMINGTON,DE,03/10/2023,479975.0,18977,0.95
VRIAC,2023Q4,144A Adj % Due,,10/15/2030,405306.0,273989,0.0
VRIAC,2023Q4,ABRY PARTNERS VII LP WILMINGTON,DE,10/01/2015,386320.0,0,0.07
VRIAC,2023Q4,TPG IV LP WILMINGTON,DE,12/22/2022,359346.0,0,0.1
VRIAC,2023Q4,BLACKSTONE REAL ESTATE PARTNER X WILMINGTON,DE,03/24/2023,340083.0,0,0.02
VRIAC,2023Q4,KINDERHOOK CAPITAL FUND V-B WILMINGTON,DE,12/19/2017,316240.0,1562594,0.37
VRIAC,2023Q4,VOYA CLO LTD SERIES 2016-3A CLASS SUB 144A Adj VOYA CLO LTD SERIES 2016-3A CLASS,,10/18/2031,212973.0,141155,0.0
VRIAC,2023Q4,POMONA CAPITAL V LP WILMINGTON,DE,12/14/2001,172387.0,0,5.34
VRIAC,2023Q4,GUARDIAN LIFE INSURANCE SERIES 144A 3.7% Due GUARDIAN LIFE INSURANCE SERIES 144A,FE,07/22/2020,169094.0,5550,0.0
VRIAC,2023Q4,VOYA SERIES 2018-2A CLASS SUB 144A Due VOYA SERIES 2018-2A CLASS SUB 144A Due 7/,CYM,12/31/2022,156267.0,206799,0.0
VRIAC,2023Q4,TEACHERS INSUR & ANNUITY SERIES 144A 4.27% Due TEACHERS INSUR & ANNUITY SERIES 1,FE,07/21/2020,154103.0,5338,0.0
VRIAC,2023Q4,NORTHWESTERN MUTUAL LIFE SERIES 144A 3.85% Due NORTHWESTERN MUTUAL LIFE SERIES 1,FE,07/21/2020,148802.0,4851,0.0
VRIAC,2023Q4,INVESCO US VALUE ADD FUND IV LP WILMINGTON,DE,04/28/2015,129924.0,0,0.62
VRIAC,2023Q4,NORTHWESTERN MUTUAL LIFE SERIES 144A 3 5/8% NORTHWESTERN MUTUAL LIFE SERIES 144A,FE,07/21/2020,116573.0,3625,0.0
VRIAC,2023Q4,NATIONWIDE MUTUAL INSURA SERIES 144A 4.35% Due NATIONWIDE MUTUAL INSURA SERIES 1,FE,07/21/2020,110012.0,4350,0.0
VRIAC,2023Q4,VOYA CLO LTD SERIES 2017-1A CLASS SUB 144A Adj VOYA CLO LTD SERIES 2017-1A CLASS,CYM,12/31/2022,107382.0,108249,0.0
VRIAC,2023Q4,LEXINGTON CAPITAL PARTNER V LP NEW YORK,NY,02/21/2002,98649.0,0,1.23
VRIAC,2023Q4,VOYA CLO LTD SERIES 2017-2A CLASS SUB 144A Due VOYA CLO LTD SERIES 2017-2A CLASS,CYM,12/31/2022,93147.0,138078,0.0
VRIAC,2023Q4,GREEN EQUITY INVESTORS IX LP WILMINGTON,DE,08/15/2023,92059.0,0,0.11
VRIAC,2023Q4,AEOLUS PROP CATA KEYSTONE PF PF FUND HAMILTON,BMU,12/30/2019,60143.0,0,0.05
VRIAC,2023Q4,ALTOR FUND VI STOCKHOLM SWE ALTOR FUND,VI,08/22/2023,59205.0,0,0.2
VRIAC,2023Q4,NORTHWESTERN MUTUAL LIFE SERIES 144A 3.45% Due NORTHWESTERN MUTUAL LIFE SERIES 1,FE,03/15/2021,49834.0,1725,0.0
VRIAC,2023Q4,FRANCISCO PARTNERS VII LP GRAND CAYMAN,CYM,11/08/2023,45000.0,0,0.0
VRIAC,2023Q4,VOYA CLO LTD SERIES 2013-2R CLASS SUB NT Due VOYA CLO LTD SERIES 2013-2R CLASS S,CYM,12/31/2022,31302.0,138337,0.0
VRIAC,2023Q4,GENSTAR CAPITAL PARTNERS XI LP WILMINGTON,DE,11/07/2023,29821.0,0,0.0
VRIAC,2023Q4,POMONA VOYA HOLDINGS CO-INV II LP WILMINGTON,DE,04/29/2020,21366.0,0,0.0
VRIAC,2023Q4,BLACKSTONE STRAT OPP OFFSHORE FUND NEW YORK,NY,05/01/2014,12673.0,0,0.0
VRIAC,2023Q4,POMONA CAPITAL CO-INV LP WILMINGTON,DE,10/24/2012,9523.0,373768,10.68
VRIAC,2023Q4,CI CAPITAL INVESTORS III LP WILMINGTON,DE,03/14/2016,0.0,0,0.0
VRIAC,2024Q2,Admini- Date Type Actual Cost Additional for MESA WEST RE INC FUND IV LP WILMING,DE,03/17/2017,0.0,0,1.47
VRIAC,2024Q2,ALPINE INVESTORS IX LP WILMINGTON,DE,12/15/2023,0.0,0,0.26
VRIAC,2024Q2,ALTOR FUND VI STOCKHOLM SWE ALTOR FUND,VI,08/22/2023,0.0,0,0.22
VRIAC,2024Q2,APOLLO HYBRID VALUE FUND WILMINGTON,DE,03/29/2019,0.0,0,0.44
VRIAC,2024Q2,ARES CORPORATE OPP FUND VI LP WILMINGTON DE ARES CORPORATE OPP FUND,VI,03/01/2021,0.0,0,0.12
VRIAC,2024Q2,AUDAX PRIVATE EQUITY FUND VII-A LP WILMINGTON,DE,08/07/2023,0.0,0,0.4
VRIAC,2024Q2,BERKSHIRE FUND X WILMINGTON,DE,11/16/2021,0.0,0,0.35
VRIAC,2024Q2,BROOKFIELD INFRASTRUCTURE FD V WILMINGTON,DE,09/15/2023,0.0,0,0.03
VRIAC,2024Q2,BROOKFIELD INFRASTRUCTURE FND IIIB WILMINGTON,DE,05/16/2016,0.0,0,0.03
VRIAC,2024Q2,E03 BALP98-32-5 BROOKFIELD INFRASTRUCTURE FUND IV LP WILMINGTON,DE,09/13/2019,0.0,0,0.03
VRIAC,2024Q2,BRYNWOOD PARTNERS VIII WILMINGTON,DE,04/20/2018,0.0,0,0.92
VRIAC,2024Q2,CARLYLE CREDIT OPPORTUNITIES III LP WILMINGTON,DE,05/28/2024,0.0,0,0.0
VRIAC,2024Q2,CHARLESBANK CAP PTNS IX LP BOSTON,MA,07/16/2018,0.0,0,0.19
VRIAC,2024Q2,CHARLESBANK CAP PTNS IX OVERAGE PR WILMINGTON DE CHARLESBANK CAP PTNS IX OVERAGE,PR,05/21/2018,0.0,0,0.59
VRIAC,2024Q2,CHARLESBANK EQUITY FUND X WILMINGTON,DE,09/27/2021,0.0,0,0.3
VRIAC,2024Q2,CLAYTON DUBILIER & RICE FUND XII LP GRAND CAYMAN,CYM,02/07/2024,0.0,0,0.03
VRIAC,2024Q2,CLEARLAKE CAPITAL PARTNERS V WILMINGTON,DE,02/01/2018,0.0,0,0.13
VRIAC,2024Q2,CVC CAPITAL PARTNERS LTD VIII LTD WILMINGTON,DE,12/14/2021,0.0,0,0.02
VRIAC,2024Q2,ENCAP ENERGY CAPITAL FUND X LP HOUSTON,TX,03/26/2015,0.0,0,0.07
VRIAC,2024Q2,ENCAP ENERGY CAPITAL FUND XI HOUSTON,TX,07/17/2017,0.0,0,0.1
VRIAC,2024Q2,EQT INFRASTRUCTURE EQT V WILMINGTON,DE,08/13/2021,0.0,0,0.16
VRIAC,2024Q2,EQT INFRASTRUCTURE III LUXEMBOURG,LUX,10/25/2017,0.0,0,0.17
VRIAC,2024Q2,EQT INFRASTRUCTURE VI LUXEMBOURG LUX EQT INFRASTRUCTURE,VI,01/25/2024,0.0,0,0.31
VRIAC,2024Q2,EQT IX (NO2) USD SCSP LP WILMINGTON,DE,02/05/2021,0.0,0,0.09
VRIAC,2024Q2,FRANCISCO PARTNERS VII LP GRAND CAYMAN,CYM,11/08/2023,0.0,0,0.0
VRIAC,2024Q2,FS EQUITY PARTNERS VII LP LOS ANGELES,CA,11/03/2014,0.0,0,0.54
VRIAC,2024Q2,GENERAL ATLANTIC INV PTNS 2019 GRAND CAYMAN,CYM,01/14/2020,0.0,0,0.23
VRIAC,2024Q2,GENSTAR CAPITAL PARTNERS IX WILMINGTON,DE,07/03/2019,0.0,0,0.16
VRIAC,2024Q2,GENSTAR CAPITAL PARTNERS VII WILMINGTON,DE,10/01/2015,0.0,0,0.95
VRIAC,2024Q2,GENSTAR CAPITAL PARTNERS X WILMINGTON,DE,10/04/2021,0.0,0,0.1
VRIAC,2024Q2,GENSTAR CAPITAL PARTNERS XI LP WILMINGTON,DE,11/07/2023,0.0,0,0.07
VRIAC,2024Q2,GENSTAR CAPITAL PTNRS VIII WILMINGTON,DE,04/28/2017,0.0,0,0.43
VRIAC,2024Q2,GENSTAR IX OPPORTUNITIES I WILMINGTON,DE,07/08/2019,0.0,0,0.2
VRIAC,2024Q2,GENSTAR VIII OPPORTUNITIES FUND I WILMINGTON,DE,10/05/2017,0.0,0,0.25
VRIAC,2024Q2,GREEN EQUITY INVESTORS IX LP WILMINGTON,DE,08/15/2023,0.0,0,0.12
VRIAC,2024Q2,GREEN EQUITY INVESTORS VII LP WILMINGTON,DE,05/12/2017,0.0,0,0.08
VRIAC,2024Q2,GRYPHON PARTNERS VI LP WILMINGTON DE GRYPHON PARTNERS,VI,12/18/2020,0.0,0,0.64
VRIAC,2024Q2,GUIDEPOST GROWTH EQUITY III-A LP WILMINGTON,DE,03/10/2021,0.0,0,3.13
VRIAC,2024Q2,H.I.G. ADVANTAGE BUYOUT FUND II LP WILMINGTON,DE,06/27/2024,0.0,0,0.0
VRIAC,2024Q2,H.I.G. WHITEHORSE MIDDLE MARKE LP WILMINGTON,DE,04/15/2024,0.0,0,0.95
VRIAC,2024Q2,HARVEST PARTNERS VIII LP WILMINGTON,DE,11/27/2019,0.0,0,0.04
VRIAC,2024Q2,HELLMAN & FRIEDMAN CAP PTNS IX GRAND CAYMAN,CYM,04/07/2020,0.0,0,0.08
VRIAC,2024Q2,HELLMAN & FRIEDMAN INVESTORS VIII GRAND CAYMAN,CYM,09/01/2016,0.0,0,0.13
VRIAC,2024Q2,HG SATURN 3 A LP WILMINGTON,DE,07/01/2022,0.0,0,0.07
VRIAC,2024Q2,INSIGHT PARTNERS XII LP WILMINGTON,DE,07/15/2021,0.0,0,0.04
VRIAC,2024Q2,KAYNE SENIOR CREDIT IV LP WILMINGTON,DE,01/24/2020,0.0,0,2.98
VRIAC,2024Q2,KKR GLBL INFRASTRUCTURE INVEST IV WILMINGTON,DE,04/21/2022,0.0,0,0.07
VRIAC,2024Q2,KKR GLOBAL INFRASTRUCTURE INVEST III GRAND CAYMAN,CYM,12/03/2018,0.0,0,0.15
VRIAC,2024Q2,MACQUARIE INFRASTRUCTURE PTNS IV WILMINGTON,DE,05/17/2018,0.0,0,0.21
VRIAC,2024Q2,METALMARK CAP PARTNERS II LP NEW YORK,NY,12/11/2014,0.0,0,0.84
VRIAC,2024Q2,MSOUTH EQUITY PARTNERS WILMINGTON,DE,09/06/2019,0.0,0,0.74
VRIAC,2024Q2,NAUTIC PARTNERS IX KP WILMINGTON,DE,02/21/2020,0.0,0,0.34
VRIAC,2024Q2,NAUTIC PARTNERS X LP WILMINGTON,DE,01/21/2022,0.0,0,0.3
VRIAC,2024Q2,NEW MOUNTAIN GUARDIAN IV BDC LLC WILMINGTON,DE,06/23/2022,0.0,0,0.69
VRIAC,2024Q2,Admini- Date Type Actual Cost Additional for NEW MOUNTAIN PARTNERS V WILMINGTON,DE,11/29/2017,0.0,0,0.12
VRIAC,2024Q2,NORWEST MEZZANINE PARTNERS V LP WILMINGTON,DE,02/02/2024,0.0,0,6.3
VRIAC,2024Q2,OCEANSOUND PARTNERS FUND II LP WILMINGTON,DE,01/10/2024,0.0,0,1.25
VRIAC,2024Q2,PEAK ROCK CAPITAL CREDIT FUND II WILMINGTON,DE,03/06/2018,0.0,0,0.63
VRIAC,2024Q2,PEAK ROCK CAPITAL FUND III LP WILMINGTON,DE,07/13/2021,0.0,0,0.32
VRIAC,2024Q2,PERMIRA VIII LUXEMBOURG,LUX,03/20/2023,0.0,0,0.03
VRIAC,2024Q2,PETERSHILL FUND II LP NEW YORK,NY,01/21/2015,0.0,0,1.22
VRIAC,2024Q2,QUANTUM ENERGY PARTNERS VI LP HOUSTON TX QUANTUM ENERGY PARTNERS,VI,02/02/2015,0.0,0,0.6
VRIAC,2024Q2,QUANTUM ENERGY PARTNERS VII WILMINGTON,DE,05/30/2018,0.0,0,0.21
VRIAC,2024Q2,ROARK CAPITAL PARTNERS VI WILMINGTON DE ROARK CAPITAL PARTNERS,VI,01/03/2022,0.0,0,0.18
VRIAC,2024Q2,SILVER LAKE PARTNERS VI LP WILMINGTON DE SILVER LAKE PARTNERS,VI,01/06/2021,0.0,0,0.04
VRIAC,2024Q2,STONEPEAK INFRASTRUCTURE FUND IV LP WILMINGTON,DE,12/30/2020,0.0,0,0.06
VRIAC,2024Q2,E03.1 BALP97-98-8 STONEPEAK INFRASTRUCTURE PTNRS III WILMINGTON,DE,02/22/2018,0.0,0,0.13
VRIAC,2024Q2,TA XIV-A LP WILMINGTON,DE,12/03/2021,0.0,0,0.11
VRIAC,2024Q2,TAILWIND CAPITAL PARTNERS III LP WILMINGTON,DE,09/27/2018,0.0,0,0.78
VRIAC,2024Q2,THE RESOLUTE FUND V LP WILMINGTON,DE,09/07/2021,0.0,0,0.14
VRIAC,2024Q2,THE RESOLUTE FUND VI LP NEW YORK NY THE RESOLUTE FUND,VI,03/01/2024,0.0,0,0.11
VRIAC,2024Q2,THE VERITAS CAPITAL FUND VIII LP WILMINGTON,DE,07/01/2022,0.0,0,0.07
VRIAC,2024Q2,VSS STRUCTURED CAPITAL LP IV LP WILMINGTON,DE,07/01/2021,0.0,0,1.36
VRIAC,2024Q2,POMONA X LP WILMINGTON,DE,06/30/2021,0.0,0,5.6
VRIAC,2024Q2,"Voya Institutional Plan Services, LLC WINDSOR",CT,12/31/2019,0.0,0,100.0
VRIAC,2024Q2,BAIN CAPITAL REAL ESTATE FUND II WILMINGTON,DE,09/22/2021,0.0,0,0.48
VRIAC,2024Q2,BLACKSTONE REAL ESTATE PARTNER X WILMINGTON,DE,03/24/2023,0.0,0,0.02
VRIAC,2024Q2,BLACKSTONE REAL ESTATE PARTNERS IX LP WILMINGTON,DE,09/23/2019,0.0,0,0.04
VRIAC,2024Q2,BLACKSTONE REAL ESTATE PTNS VIII WILMINGTON,DE,08/18/2015,0.0,0,0.06
VRIAC,2024Q2,CARLYLE REALTY PARTNERS IX LP WILMINGTON,DE,10/11/2022,0.0,0,0.09
VRIAC,2024Q2,CARLYLE REALTY PARTNERS VIII LP WILMINGTON,DE,12/04/2017,0.0,0,0.16
VRIAC,2024Q2,TPG IV LP WILMINGTON,DE,12/22/2022,0.0,0,0.11
VRIAC,2024Q2,TPG REAL ESTATE PARTNERS III WILMINGTON,DE,09/17/2019,0.0,0,0.21
VRIAC,2024Q2,OCONEE REAL ESTATE HOLDINGS VIII WILMINGTON,DE,05/01/2024,0.0,0,34.15
VRIAC,2024Q2,VOYA EMMC RNF INTERESTS LP WILMINGTON,DE,01/18/2024,0.0,0,27.03
VRIAC,2024Q2,PGIM SR LOAN OPPORTUNITIES LP WILMINGTON,DE,04/25/2024,0.0,0,2.82
VRIAC,2024Q2,VOYA REIDF CLASS B SUB NOTES WILMINGTON,DE,10/26/2021,0.0,0,5.63
VRIAC,2024Q3,Admini- Date Type Actual Cost Additional for ABRY PARTNERS VII LP WILMINGTON,DE,10/01/2015,0.0,0,0.08
VRIAC,2024Q3,ACCEL-KKR CREDIT PARTNERS II LP WILMINGTON,DE,03/10/2023,0.0,0,0.82
VRIAC,2024Q3,ALPINE INVESTORS IX LP WILMINGTON,DE,12/15/2023,0.0,0,0.26
VRIAC,2024Q3,ALTOR FUND VI STOCKHOLM SWE ALTOR FUND,VI,08/22/2023,0.0,0,0.24
VRIAC,2024Q3,AMERICAN SECURITIES PARTNERS VII WILMINGTON,DE,01/19/2016,0.0,0,0.21
VRIAC,2024Q3,AMERICAN SECURITIES PARTNERS VIII WILMINGTON,DE,03/28/2019,0.0,0,0.11
VRIAC,2024Q3,APOLLO HYBRID VALUE FUND WILMINGTON,DE,03/29/2019,0.0,0,0.43
VRIAC,2024Q3,APOLLO INVESTMENT FUND IX WILMINGTON,DE,03/15/2019,0.0,0,0.05
VRIAC,2024Q3,APOLLO INVESTMENT FUND X WILMINGTON,DE,08/14/2023,0.0,0,0.06
VRIAC,2024Q3,ARCLIGHT ENERGY PARTNERS FUND VII WILMINGTON,DE,02/25/2020,0.0,0,0.19
VRIAC,2024Q3,ARES CORPORATE OPP FUND VI LP WILMINGTON DE ARES CORPORATE OPP FUND,VI,03/01/2021,0.0,0,0.12
VRIAC,2024Q3,AUDAX PRIVATE EQUITY FUND VII-A LP WILMINGTON,DE,08/07/2023,0.0,0,0.4
VRIAC,2024Q3,AUDAX PRIVATE EQUITY VI-A LP WILMINGTON,DE,08/29/2019,0.0,0,0.33
VRIAC,2024Q3,BERKSHIRE FUND IX LP SIMSBURY,CT,03/03/2017,0.0,0,0.15
VRIAC,2024Q3,BERKSHIRE FUND X WILMINGTON,DE,11/16/2021,0.0,0,0.35
VRIAC,2024Q3,BROOKFIELD INFRASTRUCTURE FD V WILMINGTON,DE,09/15/2023,0.0,0,0.03
VRIAC,2024Q3,BROOKFIELD INFRASTRUCTURE FND IIIB WILMINGTON,DE,05/16/2016,0.0,0,0.03
VRIAC,2024Q3,E03 BALP98-32-5 BROOKFIELD INFRASTRUCTURE FUND IV LP WILMINGTON,DE,09/13/2019,0.0,0,0.03
VRIAC,2024Q3,CHARLESBANK CAP PTNS IX LP BOSTON,MA,07/16/2018,0.0,0,0.2
VRIAC,2024Q3,CHARLESBANK EQUITY FUND X WILMINGTON,DE,09/27/2021,0.0,0,0.3
VRIAC,2024Q3,CLARION CAPITAL PARTNERS III GRAND CAYMAN,CYM,06/21/2019,0.0,0,1.77
VRIAC,2024Q3,DYAL CAPITAL PARTNERS IV WILMINGTON,DE,06/11/2018,0.0,0,0.39
VRIAC,2024Q3,DYAL PARTNERS III PE WILMINGTON,DE,01/08/2016,0.0,0,0.2
VRIAC,2024Q3,ENCAP ENERGY CAPITAL FUND X LP HOUSTON,TX,03/26/2015,0.0,0,0.07
VRIAC,2024Q3,ENCAP ENERGY CAPITAL FUND XI HOUSTON,TX,07/17/2017,0.0,0,0.1
VRIAC,2024Q3,EQT INFRASTRUCTURE EQT V WILMINGTON,DE,08/13/2021,0.0,0,0.16
VRIAC,2024Q3,EQT INFRASTRUCTURE III LUXEMBOURG,LUX,10/25/2017,0.0,0,0.18
VRIAC,2024Q3,EQT INFRASTRUCTURE IV LUXEMBOURG,LUX,06/05/2019,0.0,0,0.19
VRIAC,2024Q3,EQT INFRASTRUCTURE VI LUXEMBOURG LUX EQT INFRASTRUCTURE,VI,01/25/2024,0.0,0,0.19
VRIAC,2024Q3,EQT IX (NO2) USD SCSP LP WILMINGTON,DE,02/05/2021,0.0,0,0.09
VRIAC,2024Q3,EQT X NO 2 USD SCSP LUXEMBOURG,LUX,05/24/2023,0.0,0,0.11
VRIAC,2024Q3,FFL CAPITAL PARTNERS IV LP SAN FRANCISCO,CA,03/25/2015,0.0,0,0.69
VRIAC,2024Q3,FRANCISCO PARTNERS VII LP GRAND CAYMAN,CYM,11/08/2023,0.0,0,0.1
VRIAC,2024Q3,FS EQUITY PARTNERS VII LP LOS ANGELES,CA,11/03/2014,0.0,0,0.54
VRIAC,2024Q3,FS EQUITY PARTNERS VIII WILMINGTON,DE,04/25/2019,0.0,0,0.38
VRIAC,2024Q3,GENERAL ATLANTIC INV PTNS 2019 GRAND CAYMAN,CYM,01/14/2020,0.0,0,0.23
VRIAC,2024Q3,GENSTAR CAPITAL PARTNERS IX WILMINGTON,DE,07/03/2019,0.0,0,0.16
VRIAC,2024Q3,GENSTAR CAPITAL PARTNERS VII WILMINGTON,DE,10/01/2015,0.0,0,0.95
VRIAC,2024Q3,GENSTAR CAPITAL PARTNERS X WILMINGTON,DE,10/04/2021,0.0,0,0.1
VRIAC,2024Q3,GENSTAR CAPITAL PARTNERS XI LP WILMINGTON,DE,11/07/2023,0.0,0,0.06
VRIAC,2024Q3,GENSTAR CAPITAL PTNRS VIII WILMINGTON,DE,04/28/2017,0.0,0,0.43
VRIAC,2024Q3,GENSTAR IX OPPORTUNITIES I WILMINGTON,DE,07/08/2019,0.0,0,0.2
VRIAC,2024Q3,GENSTAR VIII OPPORTUNITIES FUND I WILMINGTON,DE,10/05/2017,0.0,0,0.25
VRIAC,2024Q3,GREEN EQUITY INVESTORS VIII LP WILMINGTON,DE,10/21/2020,0.0,0,0.19
VRIAC,2024Q3,GTCR FUND XII WILMINGTON,DE,05/04/2018,0.0,0,0.31
VRIAC,2024Q3,H.I.G. WHITEHORSE MIDDLE MARKE LP WILMINGTON,DE,04/15/2024,0.0,0,8.24
VRIAC,2024Q3,HARVEST PARTNERS VIII LP WILMINGTON,DE,11/27/2019,0.0,0,0.04
VRIAC,2024Q3,HELLMAN & FRIEDMAN CAP PTNS IX GRAND CAYMAN,CYM,04/07/2020,0.0,0,0.08
VRIAC,2024Q3,HELLMAN & FRIEDMAN INVESTORS VIII GRAND CAYMAN,CYM,09/01/2016,0.0,0,0.13
VRIAC,2024Q3,HG SATURN 3 A LP WILMINGTON,DE,07/01/2022,0.0,0,0.07
VRIAC,2024Q3,INSIGHT PARTNERS XII LP WILMINGTON,DE,07/15/2021,0.0,0,0.04
VRIAC,2024Q3,K3 PRIVATE INVESTORS LP WILMINGTON,DE,07/18/2016,0.0,0,1.1
VRIAC,2024Q3,KAYNE SENIOR CREDIT V LOS ANGELES,CA,01/18/2024,0.0,0,1.67
VRIAC,2024Q3,KINDERHOOK CAPITAL FUND VI WILMINGTON DE KINDERHOOK CAPITAL FUND,VI,07/31/2020,0.0,0,0.59
VRIAC,2024Q3,KKR GLBL INFRASTRUCTURE INVEST IV WILMINGTON,DE,04/21/2022,0.0,0,0.07
VRIAC,2024Q3,Admini- Date Type Actual Cost Additional for KKR GLOBAL INFRASTRUCTURE INVEST II,CYM,12/03/2018,0.0,0,0.15
VRIAC,2024Q3,KPS SPECIAL SITUATIONS FUND VI LP WILMINGTON DE KPS SPECIAL SITUATIONS FUND,VI,09/19/2024,0.0,0,0.0
VRIAC,2024Q3,MERIT CAPITAL FUND VII LP WILMINGTON,DE,09/01/2022,0.0,0,1.38
VRIAC,2024Q3,METALMARK CAP PARTNERS II LP NEW YORK,NY,12/11/2014,0.0,0,1.27
VRIAC,2024Q3,MSOUTH EQUITY PARTNERS WILMINGTON,DE,09/06/2019,0.0,0,0.73
VRIAC,2024Q3,NAUTIC PARTNERS IX KP WILMINGTON,DE,02/21/2020,0.0,0,0.34
VRIAC,2024Q3,NAUTIC PARTNERS X LP WILMINGTON,DE,01/21/2022,0.0,0,0.29
VRIAC,2024Q3,NEW MOUNTAIN PARTNERS V WILMINGTON,DE,11/29/2017,0.0,0,0.12
VRIAC,2024Q3,NEW MOUNTAIN PARTNERS VI LP WILMINGTON DE NEW MOUNTAIN PARTNERS,VI,03/10/2021,0.0,0,0.11
VRIAC,2024Q3,NEW MOUNTAIN PARTNERS VII LP WILMINGTON,DE,08/27/2024,0.0,0,0.0
VRIAC,2024Q3,NORWEST MEZZANINE PARTNERS V LP WILMINGTON,DE,02/02/2024,0.0,0,6.3
VRIAC,2024Q3,OCEANSOUND PARTNERS FUND II LP WILMINGTON,DE,01/10/2024,0.0,0,0.86
VRIAC,2024Q3,PEAK ROCK CAPITAL CREDIT FUND II WILMINGTON,DE,03/06/2018,0.0,0,0.64
VRIAC,2024Q3,E03.1 BALP98-62-2 PEAK ROCK CAPITAL FUND II WILMINGTON,DE,01/31/2018,0.0,0,0.65
VRIAC,2024Q3,PERMIRA VIII LUXEMBOURG,LUX,03/20/2023,0.0,0,0.03
VRIAC,2024Q3,PETERSHILL PRIVATE EQUITY LP WILMINGTON,DE,05/07/2018,0.0,0,1.17
VRIAC,2024Q3,QUANTUM ENERGY PARTNERS VII WILMINGTON,DE,05/30/2018,0.0,0,0.21
VRIAC,2024Q3,ROARK CAPITAL PARTNERS VI WILMINGTON DE ROARK CAPITAL PARTNERS,VI,01/03/2022,0.0,0,0.19
VRIAC,2024Q3,SILVER LAKE PARTNERS VI LP WILMINGTON DE SILVER LAKE PARTNERS,VI,01/06/2021,0.0,0,0.04
VRIAC,2024Q3,STONEPEAK INFRASTRUCTURE FUND IV LP WILMINGTON,DE,12/30/2020,0.0,0,0.06
VRIAC,2024Q3,STONEPEAK INFRASTRUCTURE PTNRS III WILMINGTON,DE,02/22/2018,0.0,0,0.13
VRIAC,2024Q3,TA DEBT FUND V WILMINGTON,DE,06/28/2023,0.0,0,0.48
VRIAC,2024Q3,TA XIV-A LP WILMINGTON,DE,12/03/2021,0.0,0,0.11
VRIAC,2024Q3,TAILWIND CAPITAL PARTNERS III LP WILMINGTON,DE,09/27/2018,0.0,0,0.78
VRIAC,2024Q3,THE RESOLUTE FUND VI LP NEW YORK NY THE RESOLUTE FUND,VI,03/01/2024,0.0,0,0.11
VRIAC,2024Q3,THE VERITAS CAPITAL FUND VIII LP WILMINGTON,DE,07/01/2022,0.0,0,0.07
VRIAC,2024Q3,THOMAS BRAVO FUND LP XIV LP WILMINGTON,DE,04/15/2021,0.0,0,0.1
VRIAC,2024Q3,THOMAS H. LEE EQUITY IX LP WILMINGTON,DE,01/14/2022,0.0,0,0.22
VRIAC,2024Q3,VERITAS CAPITAL FUND VI LP WILMINGTON DE VERITAS CAPITAL FUND,VI,06/15/2017,0.0,0,0.43
VRIAC,2024Q3,VERITAS CAPITAL FUND VII LP WILMINGTON,DE,04/15/2020,0.0,0,0.14
VRIAC,2024Q3,VISTA EQUITY PARTNERS FUND VI GRAND CAYMAN CYM VISTA EQUITY PARTNERS FUND,VI,06/28/2016,0.0,0,0.03
VRIAC,2024Q3,VISTA EQUITY PARTNERS FUND VII GRAND CAYMAN,CYM,01/24/2019,0.0,0,0.04
VRIAC,2024Q3,VISTA FOUNDATION FUND IV WILMINGTON,DE,07/24/2020,0.0,0,0.12
VRIAC,2024Q3,POMONA X LP WILMINGTON,DE,06/30/2021,0.0,0,5.62
VRIAC,2024Q3,"Voya Institutional Plan Services, LLC WINDSOR",CT,12/31/2019,0.0,0,100.0
VRIAC,2024Q3,BAIN CAPITAL REAL ESTATE FUND II WILMINGTON,DE,09/22/2021,0.0,0,0.48
VRIAC,2024Q3,BAIN CAPITAL REAL ESTATE FUND III WILMINGTON,DE,12/18/2023,0.0,0,0.63
VRIAC,2024Q3,BLACKSTONE REAL ESTATE PARTNER X WILMINGTON,DE,03/24/2023,0.0,0,0.02
VRIAC,2024Q3,BLACKSTONE REAL ESTATE PARTNERS IX LP WILMINGTON,DE,09/23/2019,0.0,0,0.04
VRIAC,2024Q3,BLACKSTONE REAL ESTATE PTNS VIII WILMINGTON,DE,08/18/2015,0.0,0,0.06
VRIAC,2024Q3,CARLYLE REALTY PARTNERS IX LP WILMINGTON,DE,10/11/2022,0.0,0,0.09
VRIAC,2024Q3,CARLYLE REALTY PARTNERS VIII LP WILMINGTON,DE,12/04/2017,0.0,0,0.16
VRIAC,2024Q3,TPG IV LP WILMINGTON,DE,12/22/2022,0.0,0,0.11
VRIAC,2024Q3,TPG REAL ESTATE PARTNERS III WILMINGTON,DE,09/17/2019,0.0,0,0.21
VRIAC,2024Q3,OCONEE REAL ESTATE HOLDINGS V WILMINGTON,DE,09/24/2024,0.0,0,44.79
VRIAC,2024Q3,VOYA EMMC RNF INTERESTS LP WILMINGTON,DE,01/18/2024,0.0,0,27.03
VRIAC,2024Q3,PGIM SR LOAN OPPORTUNITIES LP LP WILMINGTON,DE,04/25/2024,0.0,0,2.82
VRIAC,2024Q3,Admini- Date Type Actual Cost Additional for VOYA REIDF CLASS B SUB NOTES WILMIN,DE,10/26/2021,0.0,0,5.63
VRIAC,2025Q1,Admini- Date Type Actual Cost Additional for BX TRUST SERIES 2022-CL5 CLASS C 14,MA,10/06/2022,0.0,0,0.0
VRIAC,2025Q1,GS MORTGAGE SECURITIES TRUST SERIES 2017-GPTX CLASS C 144A 3.302% GS MORTGAGE SE,TX,02/26/2019,0.0,0,0.0
VRIAC,2025Q1,MORGAN STANLEY CAPITAL I TRUST SERIES 2018-MP CLASS E 144A 4.276% MORGAN STANLEY,NY,05/14/2021,0.0,0,0.0
VRIAC,2025Q1,MORGAN STANLEY CAPITAL I TRUST SERIES 2020-CNP CLASS D 144A Adj % MORGAN STANLEY,DE,05/06/2020,0.0,0,0.0
VRIAC,2025Q1,26N PRIVATE EQUITY PARTNERS I LP WILMINGTON,DE,03/25/2025,0.0,0,0.63
VRIAC,2025Q1,ALPINE INVESTORS IX LP WILMINGTON,DE,12/15/2023,0.0,0,0.27
VRIAC,2025Q1,ALTOR FUND VI STOCKHOLM SWE ALTOR FUND,VI,08/22/2023,0.0,0,0.24
VRIAC,2025Q1,AMERICAN SECURITIES PARTNERS VIII WILMINGTON,DE,03/28/2019,0.0,0,0.11
VRIAC,2025Q1,APOLLO HYBRID VALUE FUND WILMINGTON,DE,03/29/2019,0.0,0,0.43
VRIAC,2025Q1,APOLLO INVESTMENT FUND IX WILMINGTON,DE,03/15/2019,0.0,0,0.05
VRIAC,2025Q1,ARES CORPORATE OPP FUND VI LP WILMINGTON DE ARES CORPORATE OPP FUND,VI,03/01/2021,0.0,0,0.12
VRIAC,2025Q1,AUDAX PRIVATE EQUITY FUND VII-A LP WILMINGTON,DE,08/07/2023,0.0,0,0.4
VRIAC,2025Q1,BROOKFIELD INFRASTRUCTURE FD V WILMINGTON,DE,09/15/2023,0.0,0,0.03
VRIAC,2025Q1,BROOKFIELD INFRASTRUCTURE FND IIIB WILMINGTON,DE,05/16/2016,0.0,0,0.03
VRIAC,2025Q1,E03 BALP98-32-5 BROOKFIELD INFRASTRUCTURE FUND IV LP WILMINGTON,DE,09/13/2019,0.0,0,0.03
VRIAC,2025Q1,BRYNWOOD PARTNERS VIII WILMINGTON,DE,04/20/2018,0.0,0,0.9
VRIAC,2025Q1,CERBERUS RPL FOO LP WILMINGTON,DE,03/01/2025,0.0,0,0.0
VRIAC,2025Q1,CERBERUS SFR FOO LP WILMINGTON,DE,03/01/2025,0.0,0,0.0
VRIAC,2025Q1,CHARLESBANK CAP PTNS IX LP BOSTON,MA,07/16/2018,0.0,0,0.19
VRIAC,2025Q1,CHARLESBANK EQUITY FUND X BOSTON,MA,09/27/2021,0.0,0,0.28
VRIAC,2025Q1,CLAYTON DUBLIER & RICE FUND XI GRAND CAYMAN,CYM,09/23/2021,0.0,0,0.06
VRIAC,2025Q1,ENCAP ENERGY CAPITAL FUND XI HOUSTON,TX,07/17/2017,0.0,0,0.09
VRIAC,2025Q1,EQT INFRASTRUCTURE EQT V LUXEMBOURG,LUX,08/13/2021,0.0,0,0.16
VRIAC,2025Q1,EQT INFRASTRUCTURE IV LUXEMBOURG,LUX,06/05/2019,0.0,0,0.19
VRIAC,2025Q1,EQT INFRASTRUCTURE VI LUXEMBOURG LUX EQT INFRASTRUCTURE,VI,01/25/2024,0.0,0,0.17
VRIAC,2025Q1,EQT X NO 2 USD SCSP LUXEMBOURG,LUX,05/24/2023,0.0,0,0.11
VRIAC,2025Q1,FFL CAPITAL PARTNERS IV LP SAN FRANCISCO,CA,03/25/2015,0.0,0,0.72
VRIAC,2025Q1,FRANCISCO PARTNERS AGILITY III LP GRAND CAYMAN,CYM,03/05/2025,0.0,0,0.0
VRIAC,2025Q1,FRANCISCO PARTNERS VII LP GRAND CAYMAN,CYM,11/08/2023,0.0,0,0.1
VRIAC,2025Q1,FS EQUITY PARTNERS IX LP WILMINGTON,DE,03/20/2025,0.0,0,0.0
VRIAC,2025Q1,FS EQUITY PARTNERS VII LP LOS ANGELES,CA,11/03/2014,0.0,0,0.54
VRIAC,2025Q1,FS EQUITY PARTNERS VIII WILMINGTON,DE,04/25/2019,0.0,0,0.38
VRIAC,2025Q1,GENERAL ATLANTIC INV PTNS 2019 WILMINGTON,DE,01/14/2020,0.0,0,0.23
VRIAC,2025Q1,GENSTAR CAPITAL PARTNERS IX WILMINGTON,DE,07/03/2019,0.0,0,0.16
VRIAC,2025Q1,GENSTAR CAPITAL PARTNERS VII WILMINGTON,DE,10/01/2015,0.0,0,0.95
VRIAC,2025Q1,GENSTAR CAPITAL PARTNERS X WILMINGTON,DE,10/04/2021,0.0,0,0.1
VRIAC,2025Q1,GENSTAR CAPITAL PARTNERS XI LP WILMINGTON,DE,11/07/2023,0.0,0,0.07
VRIAC,2025Q1,GENSTAR CAPITAL PTNRS VIII WILMINGTON,DE,04/28/2017,0.0,0,0.43
VRIAC,2025Q1,GENSTAR IX OPPORTUNITIES I WILMINGTON,DE,07/08/2019,0.0,0,0.2
VRIAC,2025Q1,GENSTAR VIII OPPORTUNITIES FUND I WILMINGTON,DE,10/05/2017,0.0,0,0.24
VRIAC,2025Q1,GLOBAL INFRASTRUCTURE PARTNERS V WILMINGTON,DE,09/28/2023,0.0,0,0.13
VRIAC,2025Q1,GREEN EQUITY INVESTORS IX LP WILMINGTON,DE,08/15/2023,0.0,0,0.12
VRIAC,2025Q1,GREEN EQUITY INVESTORS VII LP WILMINGTON,DE,05/12/2017,0.0,0,0.09
VRIAC,2025Q1,GREEN EQUITY INVESTORS VIII LP WILMINGTON,DE,10/21/2020,0.0,0,0.18
VRIAC,2025Q1,GUIDEPOST GROWTH EQUITY III-A LP WILMINGTON,DE,03/10/2021,0.0,0,3.11
VRIAC,2025Q1,H.I.G. WHITEHORSE MIDDLE MARKE LP WILMINGTON,DE,04/15/2024,0.0,0,4.03
VRIAC,2025Q1,HELLMAN & FRIEDMAN CAP PTNS IX GRAND CAYMAN,CYM,04/07/2020,0.0,0,0.08
VRIAC,2025Q1,HELLMAN & FRIEDMAN INVESTORS VIII GRAND CAYMAN,CYM,09/01/2016,0.0,0,0.13
VRIAC,2025Q1,HG SATURN 3 A LP ST. PETER PORT,GGY,07/01/2022,0.0,0,0.07
VRIAC,2025Q1,Admini- Date Type Actual Cost Additional for HIG CAPITAL PARTNERS VII-A LP WILMI,DE,03/28/2025,0.0,0,0.0
VRIAC,2025Q1,INSIGHT PARTNERS XII LP GRAND CAYMAN,CYM,07/15/2021,0.0,0,0.04
VRIAC,2025Q1,K3 PRIVATE INVESTORS LP WILMINGTON,DE,07/18/2016,0.0,0,1.09
VRIAC,2025Q1,KAYNE SENIOR CREDIT V LOS ANGELES,CA,01/18/2024,0.0,0,1.63
VRIAC,2025Q1,KINDERHOOK CAPITAL FUND VI WILMINGTON DE KINDERHOOK CAPITAL FUND,VI,07/31/2020,0.0,0,0.59
VRIAC,2025Q1,KKR GLBL INFRASTRUCTURE INVEST IV LUXEMBOURG,LUX,04/21/2022,0.0,0,0.07
VRIAC,2025Q1,KKR GLOBAL INFRASTRUCTURE INVEST III GRAND CAYMAN,CYM,12/03/2018,0.0,0,0.15
VRIAC,2025Q1,METALMARK CAP PARTNERS II LP NEW YORK,NY,12/11/2014,0.0,0,0.84
VRIAC,2025Q1,NAUTIC PARTNERS IX KP WILMINGTON,DE,02/21/2020,0.0,0,0.34
VRIAC,2025Q1,NAUTIC PARTNERS X LP WILMINGTON,DE,01/21/2022,0.0,0,0.29
VRIAC,2025Q1,NEW MOUNTAIN PARTNERS VI LP WILMINGTON DE NEW MOUNTAIN PARTNERS,VI,03/10/2021,0.0,0,0.11
VRIAC,2025Q1,NEW MOUNTAIN PARTNERS VII LP WILMINGTON,DE,08/27/2024,0.0,0,0.05
VRIAC,2025Q1,NORWEST MEZZANINE PARTNERS V LP WILMINGTON,DE,02/02/2024,0.0,0,6.3
VRIAC,2025Q1,E03.1 BALP20-73-3 OCEANSOUND PARTNERS FUND II LP WILMINGTON,DE,01/10/2024,0.0,0,0.5
VRIAC,2025Q1,PEAK ROCK CAPITAL CREDIT FUND II WILMINGTON,DE,03/06/2018,0.0,0,0.58
VRIAC,2025Q1,PEAK ROCK CAPITAL FUND III LP WILMINGTON,DE,07/13/2021,0.0,0,0.31
VRIAC,2025Q1,QUAD-C PARTNER IX MINNEAPOLIS,MN,04/26/2017,0.0,0,0.36
VRIAC,2025Q1,QUANTUM ENERGY PARTNERS VI LP HOUSTON TX QUANTUM ENERGY PARTNERS,VI,02/02/2015,0.0,0,0.6
VRIAC,2025Q1,ROARK CAPITAL PARTNERS VI GRAND CAYMAN CYM ROARK CAPITAL PARTNERS,VI,01/03/2022,0.0,0,0.18
VRIAC,2025Q1,SILVER LAKE PARTNERS VI LP WILMINGTON DE SILVER LAKE PARTNERS,VI,01/06/2021,0.0,0,0.04
VRIAC,2025Q1,SILVER LAKE PARTNERS VII LP WILMINGTON,DE,01/04/2024,0.0,0,0.03
VRIAC,2025Q1,STONEPEAK INFRASTRUCTURE FUND IV LP WILMINGTON,DE,12/30/2020,0.0,0,0.06
VRIAC,2025Q1,STONEPEAK INFRASTRUCTURE PTNRS III WILMINGTON,DE,02/22/2018,0.0,0,0.13
VRIAC,2025Q1,TA XV-A LP LP WILMINGTON,DE,02/10/2025,0.0,0,0.0
VRIAC,2025Q1,TAILWIND CAPITAL PARTNERS III LP WILMINGTON,DE,09/27/2018,0.0,0,0.77
VRIAC,2025Q1,THE RESOLUTE FUND V LP NEW YORK,NY,09/07/2021,0.0,0,0.14
VRIAC,2025Q1,THE RESOLUTE FUND VI LP NEW YORK NY THE RESOLUTE FUND,VI,03/01/2024,0.0,0,0.11
VRIAC,2025Q1,THE VERITAS CAPITAL FUND VIII LP WILMINGTON,DE,07/01/2022,0.0,0,0.07
VRIAC,2025Q1,THOMA BRAVO DISCOVER FUND IV LP WILMINGTON,DE,12/08/2022,0.0,0,0.1
VRIAC,2025Q1,THOMAS BRAVO FUND LP XIV LP WILMINGTON,DE,04/15/2021,0.0,0,0.1
VRIAC,2025Q1,THOMAS H. LEE EQUITY IX LP WILMINGTON,DE,01/14/2022,0.0,0,0.22
VRIAC,2025Q1,VISTA EQUITY PARTNERS FUND VI GRAND CAYMAN CYM VISTA EQUITY PARTNERS FUND,VI,06/28/2016,0.0,0,0.03
VRIAC,2025Q1,VISTA EQUITY PARTNERS FUND VII GRAND CAYMAN,CYM,01/24/2019,0.0,0,0.04
VRIAC,2025Q1,VISTA FOUNDATION FUND IV GRAND CAYMAN,CYM,07/24/2020,0.0,0,0.12
VRIAC,2025Q1,POMONA X LP WILMINGTON,DE,06/30/2021,0.0,0,5.62
VRIAC,2025Q1,"Voya Institutional Plan Services, LLC WINDSOR",CT,12/31/2019,0.0,0,100.0
VRIAC,2025Q1,BAIN CAPITAL REAL ESTATE FUND II WILMINGTON,DE,09/22/2021,0.0,0,0.48
VRIAC,2025Q1,BAIN CAPITAL REAL ESTATE FUND III WILMINGTON,DE,12/18/2023,0.0,0,0.48
VRIAC,2025Q1,BLACKSTONE REAL ESTATE PARTNER X WILMINGTON,DE,03/24/2023,0.0,0,0.02
VRIAC,2025Q1,BLACKSTONE REAL ESTATE PARTNERS IX LP WILMINGTON,DE,09/23/2019,0.0,0,0.04
VRIAC,2025Q1,BLACKSTONE REAL ESTATE PTNS VIII WILMINGTON,DE,08/18/2015,0.0,0,0.06
VRIAC,2025Q1,CARLYLE REALTY PARTNERS IX LP WILMINGTON,DE,10/11/2022,0.0,0,0.09
VRIAC,2025Q1,CARLYLE REALTY PARTNERS VIII LP WILMINGTON,DE,12/04/2017,0.0,0,0.16
VRIAC,2025Q1,FORGE REAL ESTATE PARTNERS V LP WILMINGTON,DE,12/05/2024,0.0,0,5.02
VRIAC,2025Q1,KIRKWOOD TOWER LLC WILMINGTON,DE,03/04/2025,0.0,0,16.2
VRIAC,2025Q1,TPG REAL ESTATE PARTNERS III WILMINGTON,DE,09/17/2019,0.0,0,0.21
VRIAC,2025Q1,OCONEE REAL ESTATE HOLDINGS IV WILMINGTON,DE,11/17/2023,0.0,0,32.99
VRIAC,2025Q1,OCONEE REAL ESTATE HOLDINGS VI WILMINGTON DE OCONEE REAL ESTATE HOLDINGS,VI,12/15/2023,0.0,0,38.5
VRIAC,2025Q1,Admini- Date Type Actual Cost Additional for OCONEE REAL ESTATE HOLDINGS VII WIL,DE,03/01/2024,0.0,0,10.13
VRIAC,2025Q1,PENN MUTUAL LIFE INS CO SERIES 144A 7 5/8% Due 6/15/2040 PENN MUTUAL LIFE INS CO,FE,01/01/2025,0.0,0,0.0
VRIAC,2025Q1,ALLIANZ SE SERIES 144A 3.200% Perpet. Munich DEU ALLIANZ SE SERIES 144A 3.200% P,FE,09/01/2021,0.0,0,0.0
VRIAC,2025Q1,ALLIANZ SE SERIES 144A HYB 3.500% Perpet. Munich DEU ALLIANZ SE SERIES 144A HYB ,FE,11/10/2020,0.0,0,0.0
VRIAC,2025Q1,BANK OF NOVA SCOTIA 7.199% Perpet. Toronto CAN BANK OF NOVA SCOTIA 7.199% Perpet,FE,10/04/2017,0.0,0,0.0
VRIAC,2025Q1,BANK OF NOVA SCOTIA HYB 4.900% Perpet. Toronto CAN BANK OF NOVA SCOTIA HYB 4.900,FE,05/28/2020,0.0,0,0.0
VRIAC,2025Q1,BNP PARIBAS SERIES 144A 7.375% Perpet. Paris FRA BNP PARIBAS SERIES 144A 7.375% ,FE,09/03/2024,0.0,0,0.0
VRIAC,2025Q1,BNP PARIBAS SERIES 144A 8.000% Perpet. Paris FRA BNP PARIBAS SERIES 144A 8.000% ,FE,02/14/2024,0.0,0,0.0
VRIAC,2025Q1,BNP PARIBAS SERIES 144A HYB 4.625% Perpet. Paris FRA BNP PARIBAS SERIES 144A HYB,FE,01/05/2022,0.0,0,0.0
VRIAC,2025Q1,HSBC HOLDINGS PLC 4.700% Perpet. London GBR HSBC HOLDINGS PLC 4.700% Perpet. 2.C,FE,03/02/2021,0.0,0,0.0
VRIAC,2025Q1,HSBC HOLDINGS PLC 6.000% Perpet. London GBR HSBC HOLDINGS PLC 6.000% Perpet. 2.C,FE,05/15/2017,0.0,0,0.0
VRIAC,2025Q1,E03.2 404280-BP-3 HSBC HOLDINGS PLC 6.500% Perpet. London GBR HSBC HOLDINGS PLC ,FE,03/19/2018,0.0,0,0.0
VRIAC,2025Q1,MITSUBISHI UFJ FIN GRP 8.200% Perpet. Tokyo JPN MITSUBISHI UFJ FIN GRP 8.200% Pe,FE,10/18/2023,0.0,0,0.0
VRIAC,2025Q1,NOREDA BANK ABP SERIES 144A 3.750% Perpet. Helsinki FIN NOREDA BANK ABP SERIES 1,FE,08/24/2021,0.0,0,0.0
VRIAC,2025Q1,NOREDA BANK ABP SERIES 144A 6.625% Perpet. Helsinki FIN NOREDA BANK ABP SERIES 1,FE,03/19/2019,0.0,0,0.0
VRIAC,2025Q1,ROYAL BANK OF CANADA 7.500% 05/02/84 Toronto CAN ROYAL BANK OF CANADA 7.500% 05/,FE,04/17/2024,0.0,0,0.0
VRIAC,2025Q1,UBS GROUP AG SERIES 144A 6.850% Perpet. Zurikh CHE UBS GROUP AG SERIES 144A 6.85,FE,09/05/2024,0.0,0,0.0
VRIAC,2025Q1,WESTPAC BANKING CORP 5.000% 12/31/50 Auckland NZL WESTPAC BANKING CORP 5.000% 12,FE,09/12/2017,0.0,0,0.0
VRIAC,2025Q1,26N PENNYPACK BORROWER TRUST WILMINGTON,DE,01/28/2025,0.0,0,7.5
VRIAC,2025Q1,HUNTER POINT CAPITAL GPFS NOTE LL NEW YORK,NY,10/22/2024,0.0,0,17.18
VRIAC,2025Q1,L CATTERTON DIRECT LEND FUND A WILMINGTON,DE,03/24/2025,0.0,0,10.53
VRIAC,2025Q1,LEXINGTON NOTES ISSUER II NEW YORK,NY,12/04/2024,0.0,0,13.74
VRIAC,2025Q1,PGIM SR LOAN OPPORTUNITIES LP LP WILMINGTON,DE,04/25/2024,0.0,0,1.85
VRIAC,2025Q2,Admini- Date Type Actual Cost Additional for GENERAL ATLANTIC INV PTNS 2019 WILM,DE,01/14/2020,0.0,0,0.23
VRIAC,2025Q2,HELLMAN & FRIEDMAN CAP PTNS IX GRAND CAYMAN,CYM,04/07/2020,0.0,0,0.08
VRIAC,2025Q2,KINDERHOOK CAPITAL FUND VI WILMINGTON DE KINDERHOOK CAPITAL FUND,VI,07/31/2020,0.0,0,0.58
VRIAC,2025Q2,GRYPHON PARTNERS VI LP WILMINGTON DE GRYPHON PARTNERS,VI,12/18/2020,0.0,0,0.67
VRIAC,2025Q2,STONEPEAK INFRASTRUCTURE FUND IV LP WILMINGTON,DE,12/30/2020,0.0,0,0.06
VRIAC,2025Q2,SILVER LAKE PARTNERS VI LP WILMINGTON DE SILVER LAKE PARTNERS,VI,01/06/2021,0.0,0,0.04
VRIAC,2025Q2,ARES CORPORATE OPP FUND VI LP WILMINGTON DE ARES CORPORATE OPP FUND,VI,03/01/2021,0.0,0,0.12
VRIAC,2025Q2,NEW MOUNTAIN PARTNERS VI LP WILMINGTON DE NEW MOUNTAIN PARTNERS,VI,03/10/2021,0.0,0,0.11
VRIAC,2025Q2,VSS STRUCTURED CAPITAL LP IV LP WILMINGTON,DE,07/01/2021,0.0,0,1.32
VRIAC,2025Q2,PEAK ROCK CAPITAL FUND III LP WILMINGTON,DE,07/13/2021,0.0,0,0.31
VRIAC,2025Q2,INSIGHT PARTNERS XII LP GRAND CAYMAN,CYM,07/15/2021,0.0,0,0.04
VRIAC,2025Q2,EQT INFRASTRUCTURE EQT V LUXEMBOURG,LUX,08/13/2021,0.0,0,0.16
VRIAC,2025Q2,GENSTAR CAPITAL PARTNERS X WILMINGTON,DE,10/04/2021,0.0,0,0.1
VRIAC,2025Q2,ROARK CAPITAL PARTNERS VI GRAND CAYMAN CYM ROARK CAPITAL PARTNERS,VI,01/03/2022,0.0,0,0.18
VRIAC,2025Q2,NAUTIC PARTNERS X LP WILMINGTON,DE,01/21/2022,0.0,0,0.29
VRIAC,2025Q2,CLEARLAKE CAPITAL PARTNERS VII LP WILMINGTON,DE,04/21/2022,0.0,0,0.05
VRIAC,2025Q2,E03 BALP20-43-6 KKR GLBL INFRASTRUCTURE INVEST IV LUXEMBOURG,LUX,04/21/2022,0.0,0,0.07
VRIAC,2025Q2,VERITAS CAPITAL CREDIT WILMINGTON,DE,05/20/2022,0.0,0,1.24
VRIAC,2025Q2,THOMA BRAVO FUND XV LP WILMINGTON,DE,06/02/2022,0.0,0,0.09
VRIAC,2025Q2,THE VERITAS CAPITAL FUND VIII LP WILMINGTON,DE,07/01/2022,0.0,0,0.07
VRIAC,2025Q2,THOMA BRAVO DISCOVER FUND IV LP WILMINGTON,DE,12/08/2022,0.0,0,0.1
VRIAC,2025Q2,PERMIRA VIII LUXEMBOURG,LUX,03/20/2023,0.0,0,0.03
VRIAC,2025Q2,EQT X NO 2 USD SCSP LUXEMBOURG,LUX,05/24/2023,0.0,0,0.11
VRIAC,2025Q2,TA DEBT FUND V WILMINGTON,DE,06/28/2023,0.0,0,0.47
VRIAC,2025Q2,APOLLO INVESTMENT FUND X WILMINGTON,DE,08/14/2023,0.0,0,0.06
VRIAC,2025Q2,ALTOR FUND VI STOCKHOLM SWE ALTOR FUND,VI,08/22/2023,0.0,0,0.23
VRIAC,2025Q2,BROOKFIELD INFRASTRUCTURE FD V WILMINGTON,DE,09/15/2023,0.0,0,0.03
VRIAC,2025Q2,FRANCISCO PARTNERS VII LP GRAND CAYMAN,CYM,11/08/2023,0.0,0,0.1
VRIAC,2025Q2,GENSTAR CAPITAL PARTNERS XI LP WILMINGTON,DE,11/07/2023,0.0,0,0.07
VRIAC,2025Q2,SILVER LAKE PARTNERS VII LP WILMINGTON,DE,01/04/2024,0.0,0,0.04
VRIAC,2025Q2,EQT INFRASTRUCTURE VI LUXEMBOURG LUX EQT INFRASTRUCTURE,VI,01/25/2024,0.0,0,0.16
VRIAC,2025Q2,NORWEST MEZZANINE PARTNERS V LP WILMINGTON,DE,02/02/2024,0.0,0,6.3
VRIAC,2025Q2,CLAYTON DUBILIER & RICE FUND XII LP GRAND CAYMAN,CYM,02/07/2024,0.0,0,0.03
VRIAC,2025Q2,H.I.G. WHITEHORSE MIDDLE MARKE LP WILMINGTON,DE,04/15/2024,0.0,0,4.02
VRIAC,2025Q2,NEW MOUNTAIN PARTNERS VII LP WILMINGTON,DE,08/27/2024,0.0,0,0.05
VRIAC,2025Q2,BERKSHIRE FUND XI LP WILMINGTON,DE,06/09/2025,0.0,0,0.0
VRIAC,2025Q2,STONEPEAK INFRASTRUCTURE FUND V LP WILMINGTON,DE,06/18/2025,0.0,0,0.0
VRIAC,2025Q2,BERKSHIRE FUND IX LP SIMSBURY,CT,03/03/2017,0.0,0,0.15
VRIAC,2025Q2,NAUTIC PARTNERS VIII LP WILMINGTON,DE,12/14/2016,0.0,0,0.3
VRIAC,2025Q2,SILVER OAK SVS PARTNERS III LP WILMINGTON,DE,11/21/2016,0.0,0,0.79
VRIAC,2025Q2,CHARLESBANK CAP PTNS IX LP BOSTON,MA,07/16/2018,0.0,0,0.19
VRIAC,2025Q2,STONEPEAK INFRASTRUCTURE PTNRS III WILMINGTON,DE,02/22/2018,0.0,0,0.13
VRIAC,2025Q2,MSOUTH EQUITY PARTNERS WILMINGTON,DE,09/06/2019,0.0,0,0.68
VRIAC,2025Q2,BROOKFIELD INFRASTRUCTURE FUND IV LP WILMINGTON,DE,09/13/2019,0.0,0,0.03
VRIAC,2025Q2,CLARION CAPITAL PARTNERS III GRAND CAYMAN,CYM,06/21/2019,0.0,0,1.79
VRIAC,2025Q2,GENSTAR CAPITAL PARTNERS IX WILMINGTON,DE,07/03/2019,0.0,0,0.16
VRIAC,2025Q2,GENSTAR IX OPPORTUNITIES I WILMINGTON,DE,07/08/2019,0.0,0,0.2
VRIAC,2025Q2,QUANTUM ENERGY PARTNERS VII WILMINGTON,DE,05/30/2018,0.0,0,0.21
VRIAC,2025Q2,APOLLO HYBRID VALUE FUND WILMINGTON,DE,03/29/2019,0.0,0,0.43
VRIAC,2025Q2,FS EQUITY PARTNERS VIII WILMINGTON,DE,04/25/2019,0.0,0,0.38
VRIAC,2025Q2,EQT INFRASTRUCTURE IV LUXEMBOURG,LUX,06/05/2019,0.0,0,0.19
VRIAC,2025Q2,BRYNWOOD PARTNERS VIII WILMINGTON,DE,04/20/2018,0.0,0,0.91
VRIAC,2025Q2,KKR GLOBAL INFRASTRUCTURE INVEST III GRAND CAYMAN,CYM,12/03/2018,0.0,0,0.15
VRIAC,2025Q2,GENSTAR CAPITAL PTNRS VIII WILMINGTON,DE,04/28/2017,0.0,0,0.43
VRIAC,2025Q2,APOLLO INVESTMENT FUND IX WILMINGTON,DE,03/15/2019,0.0,0,0.05
VRIAC,2025Q2,NEW MOUNTAIN PARTNERS V WILMINGTON,DE,11/29/2017,0.0,0,0.12
VRIAC,2025Q2,Admini- Date Type Actual Cost Additional for ENCAP ENERGY CAPITAL FUND XI HOUSTO,TX,07/17/2017,0.0,0,0.09
VRIAC,2025Q2,TAILWIND CAPITAL PARTNERS III LP WILMINGTON,DE,09/27/2018,0.0,0,0.77
VRIAC,2025Q2,GENSTAR VIII OPPORTUNITIES FUND I WILMINGTON,DE,10/05/2017,0.0,0,0.24
VRIAC,2025Q2,EQT INFRASTRUCTURE III LUXEMBOURG,LUX,10/25/2017,0.0,0,0.18
VRIAC,2025Q2,DYAL PARTNERS III PE WILMINGTON,DE,01/08/2016,0.0,0,0.2
VRIAC,2025Q2,COMVEST INVESTMENT PARTNERS V WILMINGTON,DE,11/02/2015,0.0,0,2.36
VRIAC,2025Q2,GENSTAR CAPITAL PARTNERS VII WILMINGTON,DE,10/01/2015,0.0,0,0.95
VRIAC,2025Q2,HELLMAN & FRIEDMAN INVESTORS VIII GRAND CAYMAN,CYM,09/01/2016,0.0,0,0.13
VRIAC,2025Q2,ABRY PARTNERS VII LP WILMINGTON,DE,10/01/2015,0.0,0,0.07
VRIAC,2025Q2,BROOKFIELD INFRASTRUCTURE FND IIIB WILMINGTON,DE,05/16/2016,0.0,0,0.03
VRIAC,2025Q2,METALMARK CAP PARTNERS II LP NEW YORK,NY,12/11/2014,0.0,0,1.24
VRIAC,2025Q2,BSI II GRADUATE CO-INVEST III LP WILMINGTON,DE,05/30/2025,0.0,0,0.22
VRIAC,2025Q2,HPS ASSET VALUE PLATFORM LP GRAND CAYMAN,CYM,05/29/2025,0.0,0,4.51
VRIAC,2025Q2,STRATEGIC VALUE SH 130-C LP WILMINGTON,DE,12/13/2024,0.0,0,3.2
VRIAC,2025Q2,"E03.1 000000-00-0 Voya Institutional Plan Services, LLC WINDSOR",CT,12/31/2019,0.0,0,100.0
VRIAC,2025Q2,POMONA X LP WILMINGTON,DE,06/30/2021,0.0,0,5.63
VRIAC,2025Q2,POMONA CAPITAL XI LP WILMINGTON,DE,06/30/2025,0.0,0,0.0
VRIAC,2025Q2,CARLYLE REALTY PARTNERS IX LP WILMINGTON,DE,10/11/2022,0.0,0,0.09
VRIAC,2025Q2,TPG IV LP WILMINGTON,DE,12/22/2022,0.0,0,0.11
VRIAC,2025Q2,BLACKSTONE REAL ESTATE PARTNER X WILMINGTON,DE,03/24/2023,0.0,0,0.03
VRIAC,2025Q2,CARLYLE REALTY PARTNERS VIII LP WILMINGTON,DE,12/04/2017,0.0,0,0.16
VRIAC,2025Q2,BLACKSTONE REAL ESTATE PARTNERS IX LP WILMINGTON,DE,09/23/2019,0.0,0,0.04
VRIAC,2025Q2,TPG REAL ESTATE PARTNERS III WILMINGTON,DE,09/17/2019,0.0,0,0.2
VRIAC,2025Q2,BLACKSTONE REAL ESTATE PTNS VIII WILMINGTON,DE,08/18/2015,0.0,0,0.06
VRIAC,2025Q2,FORGE REAL ESTATE PARTNERS V LP WILMINGTON,DE,12/05/2024,0.0,0,5.02
VRIAC,2025Q2,OCONEE REAL ESTATE HOLDINGS XVII WILMINGTON,DE,06/03/2025,0.0,0,10.0
VRIAC,2025Q2,OCONEE REAL ESTATE HOLDINGS XII WILMINGTON,DE,05/23/2025,0.0,0,22.31
VRIAC,2025Q2,ACRE CREDIT PARTNERS II LP WILMINGTON,DE,06/30/2025,0.0,0,7.07
VRIAC,2025Q2,NORTHWESTERN MUTUAL LIFE SERIES 144A 6.17% Due 5/29/2055 NORTHWESTERN MUTUAL LIF,WI,05/21/2025,0.0,0,0.0
VRIAC,2025Q2,HUNTER POINT CAPITAL GPFS NOTE LL NEW YORK,NY,10/22/2024,0.0,0,17.18
VRIAC,2025Q2,VOYA REIDF CLASS B SUB NOTES WILMINGTON,DE,10/26/2021,0.0,0,5.66
VRIAC,2025Q2,PANTHEON SALUS SR CRE SECOND III WILMINGTON,DE,12/23/2024,0.0,0,22.5
VRIAC,2025Q2,VOYA BAM PC 2025 1 GRAND CAYMAN,CYM,05/30/2025,0.0,0,0.0
VRIAC,2025Q2,SPLASH PACE FINANCING I NEW YORK,NY,04/11/2025,0.0,0,0.0
VRIAC,2025Q2,SILICON HOLDINGS 2025-1 LLC WILMINGTON,DE,06/05/2025,0.0,0,0.0
VRIAC,2025Q2,VOYA EMMC RNF INTERESTS LP WILMINGTON,DE,01/18/2024,0.0,0,14.93
